Object,Object Type ID,Property label,Internal name,Type,Field type,Read only,Unique lookup property,Categories,Options,Pipeline stages
Company,0-2,Account status,account_status,enumeration,,False,False,customer_and_exclusion;explicit_a2_candidate,Active [Active]; Block [Block]; Ship [Ship],
Company,0-2,Active Mustad Dealer,active_mustad_dealer,bool,,False,False,explicit_a2_candidate,Yes [true]; No [false],
Company,0-2,Address Verified,mailing_verified,bool,,False,False,explicit_a2_candidate;identity_and_contact;quality_and_enrichment,Yes [true]; No [false],
Company,0-2,Assigned Rep,assigned_rep,enumeration,,False,False,ownership_and_routing,Rachel Otten [33209911]; Tahmineh Goljan [34737828]; Mustad HubSpot [35006795]; Tim Shannon [35051817]; Kris Kibbey [35051818]; allison Phleger [35051819]; Hannah Goshorn [35051820]; Todd Walker [35051821]; DAVID YORK [35051822]; Rob Logsdon [35051851]; Fred Lang [35223608]; Sharon Colvin [35787418]; Julie Durushia [35787459]; Sample Request Mustad USA [36398228]; Mohammad reza Asadi [36771337]; Cetrix Support [50462861]; Lucija Batarelo [77926659]; Hayley Moore [77926690]; Faezeh Yazdani [91453469]; Lindsay Stafford [92300650]; shahin qoli [95099317],
Company,0-2,Brands,hs_all_assigned_business_unit_ids,enumeration,,False,False,explicit_a2_candidate;ownership_and_routing,EQUINET App [0]; Mustad USA [18640656],
Company,0-2,Business Type,business_type,enumeration,,False,False,explicit_a2_candidate,Feed Story [Feed Story]; Farm Supply [Farm Supply]; Tack & Saddle [Tack & Saddle]; Farrier Supply [Farrier Supply]; Vet Supply [Vet Supply]; Co-op [Co-op]; Online only [Online only]; Other [Other],
Company,0-2,City,city,string,,False,False,explicit_a2_candidate;identity_and_contact,,
Company,0-2,Company Domain Name,domain,string,,False,False,explicit_a2_candidate;external_ids_and_associations;identity_and_contact,,
Company,0-2,Company Email,company_email,string,,False,False,explicit_a2_candidate;identity_and_contact,,
Company,0-2,Company name,name,string,,False,False,explicit_a2_candidate;identity_and_contact,,
Company,0-2,Company owner,hubspot_owner_id,enumeration,,False,False,explicit_a2_candidate;ownership_and_routing,Rachel Otten [33209911]; Tahmineh Goljan [34737828]; Mustad HubSpot [35006795]; Tim Shannon [35051817]; Kris Kibbey [35051818]; allison Phleger [35051819]; Hannah Goshorn [35051820]; Todd Walker [35051821]; DAVID YORK [35051822]; Rob Logsdon [35051851]; Fred Lang [35223608]; Sharon Colvin [35787418]; Julie Durushia [35787459]; Sample Request Mustad USA [36398228]; Mohammad reza Asadi [36771337]; Cetrix Support [50462861]; Lucija Batarelo [77926659]; Hayley Moore [77926690]; Faezeh Yazdani [91453469]; Lindsay Stafford [92300650]; shahin qoli [95099317],
Company,0-2,Company Type,company_type,enumeration,,False,False,explicit_a2_candidate;identity_and_contact,Dealer [Dealer]; Clinic [Clinic]; Farrier Business [Farrier Business]; Trainer [Trainer]; Veterinarian [Veterinarian]; Breeder [Breeder]; Farrier [Farrier]; Facility [Facility]; Farm [Farm]; Other [Other]; Media [Media]; Organization [Organization]; Retail & Supply [Retail & Supply]; Service Provider [Service Provider],
Company,0-2,Country/Region,country,string,,False,False,explicit_a2_candidate;identity_and_contact,,
Company,0-2,Country/Region Code,hs_country_code,string,,False,False,identity_and_contact,,
Company,0-2,Created by user ID,hs_created_by_user_id,number,,True,False,external_ids_and_associations,Mohammad reza Asadi [36771337]; Lucija Batarelo [77926659]; Sharon Colvin [35787418]; Julie Durushia [35787459]; Tahmineh Goljan [34737828]; Hannah Goshorn [35051820]; Mustad HubSpot [35006795]; Kris Kibbey [35051818]; Fred Lang [35223608]; Rob Logsdon [35051851]; Hayley Moore [77926690]; Sample Request Mustad USA [36398228]; Rachel Otten [33209911]; allison Phleger [35051819]; shahin qoli [95099317]; Tim Shannon [35051817]; Lindsay Stafford [92300650]; Cetrix Support [50462861]; Todd Walker [35051821]; Faezeh Yazdani [91453469]; DAVID YORK [35051822],
Company,0-2,"Cumulative time in ""Customer (Lifecycle Stage Pipeline)""",hs_v2_cumulative_time_in_customer,number,,True,False,customer_and_exclusion,,
Company,0-2,"Cumulative time in ""Evangelist (Lifecycle Stage Pipeline)""",hs_v2_cumulative_time_in_evangelist,number,,True,False,customer_and_exclusion,,
Company,0-2,"Cumulative time in ""Lead (Lifecycle Stage Pipeline)""",hs_v2_cumulative_time_in_lead,number,,True,False,customer_and_exclusion,,
Company,0-2,"Cumulative time in ""Marketing Qualified Lead (Lifecycle Stage Pipeline)""",hs_v2_cumulative_time_in_marketingqualifiedlead,number,,True,False,customer_and_exclusion,,
Company,0-2,"Cumulative time in ""Opportunity (Lifecycle Stage Pipeline)""",hs_v2_cumulative_time_in_opportunity,number,,True,False,customer_and_exclusion,,
Company,0-2,"Cumulative time in ""Sales Qualified Lead (Lifecycle Stage Pipeline)""",hs_v2_cumulative_time_in_salesqualifiedlead,number,,True,False,customer_and_exclusion,,
Company,0-2,"Cumulative time in ""Subscriber (Lifecycle Stage Pipeline)""",hs_v2_cumulative_time_in_subscriber,number,,True,False,customer_and_exclusion,,
Company,0-2,Current Customer,hs_current_customer,enumeration,,False,False,customer_and_exclusion;explicit_a2_candidate,Yes [yes]; No [no],
Company,0-2,Data Quality Score,data_quality,enumeration,,False,False,explicit_a2_candidate;qualification_and_score;quality_and_enrichment,Complete [Complete]; Partial [Partial]; Needs Review [Needs Review],
Company,0-2,"Date entered ""Customer (Lifecycle Stage Pipeline)""",hs_v2_date_entered_customer,datetime,,True,False,customer_and_exclusion,,
Company,0-2,"Date entered ""Evangelist (Lifecycle Stage Pipeline)""",hs_v2_date_entered_evangelist,datetime,,True,False,customer_and_exclusion,,
Company,0-2,"Date entered ""Lead (Lifecycle Stage Pipeline)""",hs_v2_date_entered_lead,datetime,,True,False,customer_and_exclusion,,
Company,0-2,"Date entered ""Marketing Qualified Lead (Lifecycle Stage Pipeline)""",hs_v2_date_entered_marketingqualifiedlead,datetime,,True,False,customer_and_exclusion,,
Company,0-2,"Date entered ""Opportunity (Lifecycle Stage Pipeline)""",hs_v2_date_entered_opportunity,datetime,,True,False,customer_and_exclusion,,
Company,0-2,"Date entered ""Sales Qualified Lead (Lifecycle Stage Pipeline)""",hs_v2_date_entered_salesqualifiedlead,datetime,,True,False,customer_and_exclusion,,
Company,0-2,"Date entered ""Subscriber (Lifecycle Stage Pipeline)""",hs_v2_date_entered_subscriber,datetime,,True,False,customer_and_exclusion,,
Company,0-2,Date entered current stage,hs_v2_date_entered_current_stage,datetime,,True,False,activity_and_freshness,,
Company,0-2,"Date exited ""Customer (Lifecycle Stage Pipeline)""",hs_v2_date_exited_customer,datetime,,True,False,customer_and_exclusion,,
Company,0-2,"Date exited ""Evangelist (Lifecycle Stage Pipeline)""",hs_v2_date_exited_evangelist,datetime,,True,False,customer_and_exclusion,,
Company,0-2,"Date exited ""Lead (Lifecycle Stage Pipeline)""",hs_v2_date_exited_lead,datetime,,True,False,customer_and_exclusion,,
Company,0-2,"Date exited ""Marketing Qualified Lead (Lifecycle Stage Pipeline)""",hs_v2_date_exited_marketingqualifiedlead,datetime,,True,False,customer_and_exclusion,,
Company,0-2,"Date exited ""Opportunity (Lifecycle Stage Pipeline)""",hs_v2_date_exited_opportunity,datetime,,True,False,customer_and_exclusion,,
Company,0-2,"Date exited ""Sales Qualified Lead (Lifecycle Stage Pipeline)""",hs_v2_date_exited_salesqualifiedlead,datetime,,True,False,customer_and_exclusion,,
Company,0-2,"Date exited ""Subscriber (Lifecycle Stage Pipeline)""",hs_v2_date_exited_subscriber,datetime,,True,False,customer_and_exclusion,,
Company,0-2,Direct Mail Opt-in,mailing_opt_in,bool,,False,False,consent_and_suppression;explicit_a2_candidate,Yes [true]; No [false],
Company,0-2,Do Not Contact,do_not_contact,bool,,False,False,consent_and_suppression;explicit_a2_candidate,Yes [true]; No [false],
Company,0-2,Domain status,hs_domain_status,enumeration,,False,False,identity_and_contact,Active [ACTIVE]; Inactive [INACTIVE]; Redirect [REDIRECT],
Company,0-2,Email Marketing Opt-in,email_opt_in,bool,,False,False,consent_and_suppression;identity_and_contact,Yes [true]; No [false],
Company,0-2,GDPR / CAN-SPAM Consent,gdpr_consent,bool,,False,False,consent_and_suppression;explicit_a2_candidate,Yes [true]; No [false],
Company,0-2,Has been enriched,hs_is_enriched,bool,,True,False,explicit_a2_candidate;quality_and_enrichment,Yes [true]; No [false],
Company,0-2,Hosts Farrier Appreciation Events,farrier_nights,bool,,False,False,equine_and_professional,Yes [true]; No [false],
Company,0-2,HubSpot Team,hubspot_team_id,enumeration,,True,False,explicit_a2_candidate;ownership_and_routing,EQUINET Team [157764626]; Mustad USA Sales Team [184279571],
Company,0-2,Ideal Customer Profile Tier,hs_ideal_customer_profile,enumeration,,False,False,explicit_a2_candidate;qualification_and_score,Tier 1 [tier_1]; Tier 2 [tier_2]; Tier 3 [tier_3],
Company,0-2,Intent Signals active,hs_intent_signals_enabled,bool,,True,False,qualification_and_score,Yes [true]; No [false],
Company,0-2,Last Activity Date,notes_last_updated,datetime,,True,False,activity_and_freshness,,
Company,0-2,Last Contacted,notes_last_contacted,datetime,,True,False,activity_and_freshness,,
Company,0-2,Last Engagement Date,hs_last_sales_activity_timestamp,datetime,,True,False,activity_and_freshness,,
Company,0-2,Last Logged Outgoing Email Date,hs_last_logged_outgoing_email_date,datetime,,True,False,identity_and_contact,,
Company,0-2,Last Modified Date,hs_lastmodifieddate,datetime,,True,False,activity_and_freshness,,
Company,0-2,Last Tracked Visit Time,hs_most_recent_de_anonymized_visit,datetime,,True,False,activity_and_freshness,,
Company,0-2,"Latest time in ""Customer (Lifecycle Stage Pipeline)""",hs_v2_latest_time_in_customer,number,,True,False,customer_and_exclusion,,
Company,0-2,"Latest time in ""Evangelist (Lifecycle Stage Pipeline)""",hs_v2_latest_time_in_evangelist,number,,True,False,customer_and_exclusion,,
Company,0-2,"Latest time in ""Lead (Lifecycle Stage Pipeline)""",hs_v2_latest_time_in_lead,number,,True,False,customer_and_exclusion,,
Company,0-2,"Latest time in ""Marketing Qualified Lead (Lifecycle Stage Pipeline)""",hs_v2_latest_time_in_marketingqualifiedlead,number,,True,False,customer_and_exclusion,,
Company,0-2,"Latest time in ""Opportunity (Lifecycle Stage Pipeline)""",hs_v2_latest_time_in_opportunity,number,,True,False,customer_and_exclusion,,
Company,0-2,"Latest time in ""Sales Qualified Lead (Lifecycle Stage Pipeline)""",hs_v2_latest_time_in_salesqualifiedlead,number,,True,False,customer_and_exclusion,,
Company,0-2,"Latest time in ""Subscriber (Lifecycle Stage Pipeline)""",hs_v2_latest_time_in_subscriber,number,,True,False,customer_and_exclusion,,
Company,0-2,Lead Source,lead_source,enumeration,,False,False,explicit_a2_candidate,Rep [Rep]; Trade Show [Trade Show]; Referral [Referral]; ERP Import [ERP Import]; Web [Web],
Company,0-2,Lead Status,hs_lead_status,enumeration,,False,False,customer_and_exclusion;explicit_a2_candidate,New [NEW]; Open [OPEN]; In Progress [IN_PROGRESS]; Open Deal [OPEN_DEAL]; Unqualified [UNQUALIFIED]; Attempted to Contact [ATTEMPTED_TO_CONTACT]; Connected [CONNECTED]; Bad Timing [BAD_TIMING],
Company,0-2,Lifecycle Stage,lifecyclestage,enumeration,,False,False,customer_and_exclusion;explicit_a2_candidate,,Lifecycle Stage Pipeline > Lead [lead]; Lifecycle Stage Pipeline > Marketing Qualified Lead [marketingqualifiedlead]; Lifecycle Stage Pipeline > Sales Qualified Lead [salesqualifiedlead]; Lifecycle Stage Pipeline > Opportunity [opportunity]; Lifecycle Stage Pipeline > Customer [customer]; Lifecycle Stage Pipeline > Evangelist [evangelist]; Lifecycle Stage Pipeline > Subscriber [subscriber]
Company,0-2,Likelihood to close,hs_predictivecontactscore_v2,number,,True,False,explicit_a2_candidate;qualification_and_score,,
Company,0-2,Max recommendation score,hs_max_recommendation_score,number,,True,False,qualification_and_score,,
Company,0-2,Merged Company IDs,hs_merged_object_ids,enumeration,,True,False,explicit_a2_candidate;external_ids_and_associations,,
Company,0-2,Mustad ERP Account ID,mustad_account_id,string,,False,False,explicit_a2_candidate;external_ids_and_associations,,
Company,0-2,NPS / Satisfaction Score,nps_score,number,,False,False,qualification_and_score,,
Company,0-2,Number of Associated Contacts,num_associated_contacts,number,,True,False,explicit_a2_candidate;external_ids_and_associations,,
Company,0-2,Number of Associated Deals,num_associated_deals,number,,True,False,customer_and_exclusion;explicit_a2_candidate;external_ids_and_associations,,
Company,0-2,Number of contacts with a buying role,hs_num_contacts_with_buying_roles,number,,True,False,identity_and_contact;qualification_and_score,,
Company,0-2,Number of open deals,hs_num_open_deals,number,,True,False,customer_and_exclusion;explicit_a2_candidate,,
Company,0-2,Other Brands Carried,brand_mix,enumeration,,False,False,ownership_and_routing,Anvil Brand [Anvil Brand]; Double S [Double S]; Blurton [Blurton]; Diamond [Diamond]; Kerckhaert [Kerckhaert]; Kahn [Kahn]; Werkman [Werkman]; Thorobred [Thorobred]; Victory [Victory]; Vulcan [Vulcan]; Other [Other],
Company,0-2,Owner assigned date,hubspot_owner_assigneddate,datetime,,True,False,ownership_and_routing,,
Company,0-2,Parent Company,hs_parent_company_id,number,,True,False,external_ids_and_associations,fnwusers.com [432587215048]; tntltd.com [432608882911]; erols.com [432608907451]; dahlsfarrierservice.com [432592553163]; nctool.com [435114053828]; icloup.com [432609067197]; outbackvet.com [432611168490]; horizonisp.us [432580475111]; upwardprint.com [432611390699]; business.fb.com [436853900522]; sbbmail.com [432611876061]; embargmail.com [432611876066]; web-library.net [438346248381]; outworldstudios.com [436996981959]; comcast.org [432609016054]; ggggg.com [436748536016]; test.dev [434518713566]; mail.fresnostate.edu [432587215045]; trimandtrain.net [432611513536]; smail.com [432611390695]; blackswanfarriery.com [432608984260]; douglasbaker.ca [432611876060]; mailc1.com [432608855272]; diamondmminerals.com [432608855284]; millersfarrier.com [432611759331],
Company,0-2,Phone Number,phone,string,,False,False,explicit_a2_candidate;identity_and_contact,,
Company,0-2,Postal Code,zip,string,,False,False,explicit_a2_candidate;identity_and_contact,,
Company,0-2,Recent Conversion,recent_conversion_event_name,string,,True,False,activity_and_freshness,,
Company,0-2,Recent Conversion Date,recent_conversion_date,datetime,,True,False,activity_and_freshness,,
Company,0-2,Recent Deal Amount,recent_deal_amount,number,,True,False,activity_and_freshness,,
Company,0-2,Recent Deal Close Date,recent_deal_close_date,datetime,,True,False,activity_and_freshness,,
Company,0-2,Recent Intent Signals,hs_recent_intent_signals,enumeration,,True,False,activity_and_freshness;qualification_and_score,Asset acquisition [4-11701358]; Asset divestiture [4-11701361]; Bankruptcy filing [4-11701354]; Budget mention [4-10701930]; Client lost [4-11701352]; Client signing [4-10838545]; Company Surge [4-11038405]; Company spinoff [4-11701360]; Competitor identified [4-11701356]; Deal timing [4-10188819]; Division spinoff [4-11701351]; Earnings report [4-11701353]; Email bounce [4-5470331]; Event attendance [4-10021656]; Executive departure [4-11038412]; Executive hiring [4-7727049]; Executive promotion [4-11038410]; Executive retirement [4-11701348]; Funding [4-5076614]; Geographic expansion [4-5470325]; Growth metrics [4-8148872]; Headcount increase [4-11038411]; IPO [4-11701349]; Incident [4-11038408]; Industry recognition [4-9304135],
Company,0-2,Record ID,hs_object_id,number,,True,False,explicit_a2_candidate;external_ids_and_associations,,
Company,0-2,Redirect domain,hs_redirect_domain,string,,False,False,identity_and_contact,,
Company,0-2,Region Priority,region_priority,enumeration,,False,False,ownership_and_routing;qualification_and_score,Beachhead [Beachhead]; Active [Active]; Expansion [Expansion]; Low Priority [Low Priority],
Company,0-2,Relationship Stage,relationship_stage,enumeration,,False,False,customer_and_exclusion;explicit_a2_candidate,Prospect [Prospect]; Active [Active]; Key Account [Key Account]; At Risk [At Risk]; Inactive [Inactive],
Company,0-2,Sales Territory,territory,enumeration,,False,False,explicit_a2_candidate;ownership_and_routing,Northeast [Northeast]; Southeast [Southeast]; Midwest [Midwest]; Southwest [Southwest]; Animal Health [Animal Health]; LATAM [LATAM]; EU [EU],
Company,0-2,Secondary Phone Number,secondary_phone_number,string,,False,False,explicit_a2_candidate;identity_and_contact,,
Company,0-2,Shared teams,hs_shared_team_ids,enumeration,,False,False,ownership_and_routing,EQUINET Team [157764626]; Mustad USA Sales Team [184279571],
Company,0-2,Shared users,hs_shared_user_ids,enumeration,,False,False,ownership_and_routing,Mohammad reza Asadi [36771337]; Lucija Batarelo [77926659]; Sharon Colvin [35787418]; Julie Durushia [35787459]; Tahmineh Goljan [34737828]; Hannah Goshorn [35051820]; Mustad HubSpot [35006795]; Kris Kibbey [35051818]; Fred Lang [35223608]; Rob Logsdon [35051851]; Hayley Moore [77926690]; Sample Request Mustad USA [36398228]; Rachel Otten [33209911]; allison Phleger [35051819]; shahin qoli [95099317]; Tim Shannon [35051817]; Lindsay Stafford [92300650]; Cetrix Support [50462861]; Todd Walker [35051821]; Faezeh Yazdani [91453469]; DAVID YORK [35051822],
Company,0-2,SMS Marketing Opt-in,sms_opt_in,bool,,False,False,consent_and_suppression;explicit_a2_candidate,Yes [true]; No [false],
Company,0-2,State/Region,state,string,,False,False,explicit_a2_candidate;identity_and_contact,,
Company,0-2,State/Region Code,hs_state_code,string,,False,False,identity_and_contact,,
Company,0-2,Street Address,address,string,,False,False,explicit_a2_candidate;identity_and_contact,,
Company,0-2,Street Address 2,address2,string,,False,False,identity_and_contact,,
Company,0-2,Target Account,hs_is_target_account,bool,,False,False,qualification_and_score,True [true]; False [false],
Company,0-2,Trade / DBA Name,trade_name,string,,False,False,identity_and_contact,,
Company,0-2,Updated by user ID,hs_updated_by_user_id,number,,True,False,external_ids_and_associations,Mohammad reza Asadi [36771337]; Lucija Batarelo [77926659]; Sharon Colvin [35787418]; Julie Durushia [35787459]; Tahmineh Goljan [34737828]; Hannah Goshorn [35051820]; Mustad HubSpot [35006795]; Kris Kibbey [35051818]; Fred Lang [35223608]; Rob Logsdon [35051851]; Hayley Moore [77926690]; Sample Request Mustad USA [36398228]; Rachel Otten [33209911]; allison Phleger [35051819]; shahin qoli [95099317]; Tim Shannon [35051817]; Lindsay Stafford [92300650]; Cetrix Support [50462861]; Todd Walker [35051821]; Faezeh Yazdani [91453469]; DAVID YORK [35051822],
Company,0-2,Website URL,website,string,,False,False,explicit_a2_candidate;identity_and_contact,,
Complaints,2-251550468,Brands,hs_all_assigned_business_unit_ids,enumeration,,False,False,explicit_a2_candidate;ownership_and_routing,EQUINET App [0]; Mustad USA [18640656],
Complaints,2-251550468,Created by user ID,hs_created_by_user_id,number,,True,False,external_ids_and_associations,Mohammad reza Asadi [36771337]; Lucija Batarelo [77926659]; Sharon Colvin [35787418]; Julie Durushia [35787459]; Tahmineh Goljan [34737828]; Hannah Goshorn [35051820]; Mustad HubSpot [35006795]; Kris Kibbey [35051818]; Fred Lang [35223608]; Rob Logsdon [35051851]; Hayley Moore [77926690]; Sample Request Mustad USA [36398228]; Rachel Otten [33209911]; allison Phleger [35051819]; shahin qoli [95099317]; Tim Shannon [35051817]; Lindsay Stafford [92300650]; Cetrix Support [50462861]; Todd Walker [35051821]; Faezeh Yazdani [91453469]; DAVID YORK [35051822],
Complaints,2-251550468,Merged record IDs,hs_merged_object_ids,enumeration,,True,False,explicit_a2_candidate;external_ids_and_associations,,
Complaints,2-251550468,Object last modified date/time,hs_lastmodifieddate,datetime,,True,False,activity_and_freshness,,
Complaints,2-251550468,Owner,hubspot_owner_id,enumeration,,False,False,explicit_a2_candidate;ownership_and_routing,Rachel Otten [33209911]; Tahmineh Goljan [34737828]; Mustad HubSpot [35006795]; Tim Shannon [35051817]; Kris Kibbey [35051818]; allison Phleger [35051819]; Hannah Goshorn [35051820]; Todd Walker [35051821]; DAVID YORK [35051822]; Rob Logsdon [35051851]; Fred Lang [35223608]; Sharon Colvin [35787418]; Julie Durushia [35787459]; Sample Request Mustad USA [36398228]; Mohammad reza Asadi [36771337]; Cetrix Support [50462861]; Lucija Batarelo [77926659]; Hayley Moore [77926690]; Faezeh Yazdani [91453469]; Lindsay Stafford [92300650]; shahin qoli [95099317],
Complaints,2-251550468,Owner assigned date,hubspot_owner_assigneddate,datetime,,True,False,ownership_and_routing,,
Complaints,2-251550468,Owner's main team,hubspot_team_id,enumeration,,True,False,explicit_a2_candidate;ownership_and_routing,EQUINET Team [157764626]; Mustad USA Sales Team [184279571],
Complaints,2-251550468,Product name,product_name,string,,False,False,identity_and_contact,,
Complaints,2-251550468,Record ID,hs_object_id,number,,True,False,explicit_a2_candidate;external_ids_and_associations,,
Complaints,2-251550468,Shared teams,hs_shared_team_ids,enumeration,,False,False,ownership_and_routing,EQUINET Team [157764626]; Mustad USA Sales Team [184279571],
Complaints,2-251550468,Shared users,hs_shared_user_ids,enumeration,,False,False,ownership_and_routing,Mohammad reza Asadi [36771337]; Lucija Batarelo [77926659]; Sharon Colvin [35787418]; Julie Durushia [35787459]; Tahmineh Goljan [34737828]; Hannah Goshorn [35051820]; Mustad HubSpot [35006795]; Kris Kibbey [35051818]; Fred Lang [35223608]; Rob Logsdon [35051851]; Hayley Moore [77926690]; Sample Request Mustad USA [36398228]; Rachel Otten [33209911]; allison Phleger [35051819]; shahin qoli [95099317]; Tim Shannon [35051817]; Lindsay Stafford [92300650]; Cetrix Support [50462861]; Todd Walker [35051821]; Faezeh Yazdani [91453469]; DAVID YORK [35051822],
Complaints,2-251550468,Updated by user ID,hs_updated_by_user_id,number,,True,False,external_ids_and_associations,Mohammad reza Asadi [36771337]; Lucija Batarelo [77926659]; Sharon Colvin [35787418]; Julie Durushia [35787459]; Tahmineh Goljan [34737828]; Hannah Goshorn [35051820]; Mustad HubSpot [35006795]; Kris Kibbey [35051818]; Fred Lang [35223608]; Rob Logsdon [35051851]; Hayley Moore [77926690]; Sample Request Mustad USA [36398228]; Rachel Otten [33209911]; allison Phleger [35051819]; shahin qoli [95099317]; Tim Shannon [35051817]; Lindsay Stafford [92300650]; Cetrix Support [50462861]; Todd Walker [35051821]; Faezeh Yazdani [91453469]; DAVID YORK [35051822],
Contact,0-1,AAEP Member,vet_aaep_member,bool,,False,False,equine_and_professional,Yes [true]; No [false],
Contact,0-1,Active Farrier,farrier_active_flag,enumeration,,False,False,equine_and_professional;explicit_a2_candidate,Full Time [Full Time]; Part Time [Part Time]; Student/Apprentice [Student/Apprentice],
Contact,0-1,Address Line 2,street_address_line_2,string,,False,False,explicit_a2_candidate;identity_and_contact,,
Contact,0-1,Amish,farrier_amish_flag,bool,,False,False,equine_and_professional,Yes [true]; No [false],
Contact,0-1,Assigned EQUINET Rep,equinet_assigned_rep,enumeration,,False,False,explicit_a2_candidate,Rachel Otten [33209911]; Tahmineh Goljan [34737828]; Mustad HubSpot [35006795]; Tim Shannon [35051817]; Kris Kibbey [35051818]; allison Phleger [35051819]; Hannah Goshorn [35051820]; Todd Walker [35051821]; DAVID YORK [35051822]; Rob Logsdon [35051851]; Fred Lang [35223608]; Sharon Colvin [35787418]; Julie Durushia [35787459]; Sample Request Mustad USA [36398228]; Mohammad reza Asadi [36771337]; Cetrix Support [50462861]; Lucija Batarelo [77926659]; Hayley Moore [77926690]; Faezeh Yazdani [91453469]; Lindsay Stafford [92300650]; shahin qoli [95099317],
Contact,0-1,Association Memberships,association_member,enumeration,,False,False,equine_and_professional;explicit_a2_candidate,USEF [USEF]; Jockey Club [Jockey Club]; Breed Registry [Breed Registry]; State association [State association]; Other [Other],
Contact,0-1,Avg Passport Completeness %,owner_passport_complete_pct,number,,False,False,ownership_and_routing,,
Contact,0-1,Beachhead Priority,beachhead_flag,bool,,False,False,qualification_and_score,Yes [true]; No [false],
Contact,0-1,Board Certified,vet_board_certified,bool,,False,False,equine_and_professional,Yes [true]; No [false],
Contact,0-1,Brands,hs_all_assigned_business_unit_ids,enumeration,,False,False,explicit_a2_candidate;ownership_and_routing,EQUINET App [0]; Mustad USA [18640656],
Contact,0-1,Breeds Served,vet_breeds_served,enumeration,,False,False,equine_and_professional,Thoroughbred [Thoroughbred]; QH [QH]; Warmblood [Warmblood]; Standardbred [Standardbred]; Mixed [Mixed],
Contact,0-1,Buying Role,hs_buying_role,enumeration,,False,False,identity_and_contact;qualification_and_score,Blocker [BLOCKER]; Budget Holder [BUDGET_HOLDER]; Champion [CHAMPION]; Decision Maker [DECISION_MAKER]; End User [END_USER]; Executive Sponsor [EXECUTIVE_SPONSOR]; Influencer [INFLUENCER]; Legal & Compliance [LEGAL_AND_COMPLIANCE]; Other [OTHER],
Contact,0-1,Certifications,farrier_certifications,enumeration,,False,False,equine_and_professional;explicit_a2_candidate,CF [CF]; CTF [CTF]; CJF [CJF]; CRP [CRP]; AWCF [AWCF],
Contact,0-1,Churn Survey: NPS Score,churn_survey_nps_score,enumeration,,False,False,qualification_and_score,1 [1]; 2 [2]; 3 [3]; 4 [4]; 5 [5]; 6 [6]; 7 [7]; 8 [8]; 9 [9]; 10 [10],
Contact,0-1,City,city,string,,False,False,explicit_a2_candidate;identity_and_contact,,
Contact,0-1,Clinic / Practice Name,vet_clinic_name,string,,False,False,identity_and_contact,,
Contact,0-1,Clinician,farrier_clincian_flag,bool,,False,False,equine_and_professional,Yes [true]; No [false],
Contact,0-1,Company Name,company,string,,False,False,explicit_a2_candidate;identity_and_contact,,
Contact,0-1,Contact Info Verified,contact_verified,bool,,False,False,explicit_a2_candidate;quality_and_enrichment,Yes [true]; No [false],
Contact,0-1,Contact owner,hubspot_owner_id,enumeration,,False,False,explicit_a2_candidate;ownership_and_routing,Rachel Otten [33209911]; Tahmineh Goljan [34737828]; Mustad HubSpot [35006795]; Tim Shannon [35051817]; Kris Kibbey [35051818]; allison Phleger [35051819]; Hannah Goshorn [35051820]; Todd Walker [35051821]; DAVID YORK [35051822]; Rob Logsdon [35051851]; Fred Lang [35223608]; Sharon Colvin [35787418]; Julie Durushia [35787459]; Sample Request Mustad USA [36398228]; Mohammad reza Asadi [36771337]; Cetrix Support [50462861]; Lucija Batarelo [77926659]; Hayley Moore [77926690]; Faezeh Yazdani [91453469]; Lindsay Stafford [92300650]; shahin qoli [95099317],
Contact,0-1,Contact priority,hs_predictivescoringtier,enumeration,,True,False,explicit_a2_candidate;qualification_and_score,Very High [tier_1]; High [tier_2]; Medium [tier_3]; Low [tier_4]; Closed Won [closed_won],
Contact,0-1,Contact Type,contact_type,enumeration,,False,False,explicit_a2_candidate;identity_and_contact,Farrier [Farrier]; Apprentice [Apprentice]; Administrator of Farrier Business [Administrator of Farrier Business]; Vet [Vet]; Horse Owner [Horse Owner]; Dealer [Dealer]; Farmer [Farmer]; Trainer [Trainer]; Other [Other]; Bookkeeper [Bookkeeper]; Farrier with employeess [Farrier with employees]; Stable Manager [Stable Manager]; Horse Trainer [Horse Trainer]; Press and Advertising [Press and Advertising],
Contact,0-1,Conversion Stage,farrier_conversion_stage,enumeration,,False,False,equine_and_professional;qualification_and_score,Identify [Identify]; Consultation [Consultation]; Sample Sent [Sample Sent]; Follow-up [Follow-up]; Converted [Converted]; Lost [Lost],
Contact,0-1,Converted Product Type,farrier_converted_product_type,string,,False,False,equine_and_professional,,
Contact,0-1,Converted Products,farrier_converted_products,enumeration,,False,False,equine_and_professional,Front Shoe [Front Shoe]; Hind Shoe [Hind Shoe]; Nail [Nail]; Rasp [Rasp],
Contact,0-1,Country/Region,country,string,,False,False,explicit_a2_candidate;identity_and_contact,,
Contact,0-1,Country/Region Code,hs_country_region_code,string,,False,False,identity_and_contact,,
Contact,0-1,Created by user ID,hs_created_by_user_id,number,,True,False,external_ids_and_associations,Mohammad reza Asadi [36771337]; Lucija Batarelo [77926659]; Sharon Colvin [35787418]; Julie Durushia [35787459]; Tahmineh Goljan [34737828]; Hannah Goshorn [35051820]; Mustad HubSpot [35006795]; Kris Kibbey [35051818]; Fred Lang [35223608]; Rob Logsdon [35051851]; Hayley Moore [77926690]; Sample Request Mustad USA [36398228]; Rachel Otten [33209911]; allison Phleger [35051819]; shahin qoli [95099317]; Tim Shannon [35051817]; Lindsay Stafford [92300650]; Cetrix Support [50462861]; Todd Walker [35051821]; Faezeh Yazdani [91453469]; DAVID YORK [35051822],
Contact,0-1,"Cumulative time in ""Customer (Lifecycle Stage Pipeline)""",hs_v2_cumulative_time_in_customer,number,,True,False,customer_and_exclusion,,
Contact,0-1,"Cumulative time in ""Evangelist (Lifecycle Stage Pipeline)""",hs_v2_cumulative_time_in_evangelist,number,,True,False,customer_and_exclusion,,
Contact,0-1,"Cumulative time in ""Lead (Lifecycle Stage Pipeline)""",hs_v2_cumulative_time_in_lead,number,,True,False,customer_and_exclusion,,
Contact,0-1,"Cumulative time in ""Marketing Qualified Lead (Lifecycle Stage Pipeline)""",hs_v2_cumulative_time_in_marketingqualifiedlead,number,,True,False,customer_and_exclusion,,
Contact,0-1,"Cumulative time in ""Opportunity (Lifecycle Stage Pipeline)""",hs_v2_cumulative_time_in_opportunity,number,,True,False,customer_and_exclusion,,
Contact,0-1,"Cumulative time in ""Sales Qualified Lead (Lifecycle Stage Pipeline)""",hs_v2_cumulative_time_in_salesqualifiedlead,number,,True,False,customer_and_exclusion,,
Contact,0-1,"Cumulative time in ""Subscriber (Lifecycle Stage Pipeline)""",hs_v2_cumulative_time_in_subscriber,number,,True,False,customer_and_exclusion,,
Contact,0-1,Current Brand Used,farrier_brand_pref,enumeration,,False,False,equine_and_professional,Mustad [Mustad]; St. Croix [St. Croix]; Delta [Delta]; Diamond [Diamond]; Kerckhaert [Kerckhaert]; Kahn [Kahn]; Werkman [Werkman]; Victory [Victory]; Thoroughbred [Thorobred],
Contact,0-1,Current Customer,hs_current_customer,enumeration,,False,False,customer_and_exclusion;explicit_a2_candidate,Yes [yes]; No [no],
Contact,0-1,Currently Enrolled in Prospecting Agent,hs_currently_enrolled_in_prospecting_agent,bool,,True,False,explicit_a2_candidate,Yes [true]; No [false],
Contact,0-1,Currently in Sequence,hs_sequences_is_enrolled,bool,,True,False,customer_and_exclusion;explicit_a2_candidate,True [true]; False [false],
Contact,0-1,Data Quality Score,data_quality,enumeration,,False,False,explicit_a2_candidate;qualification_and_score;quality_and_enrichment,Complete [Complete]; Partial [Partial]; Needs Review [Needs Review],
Contact,0-1,"Date entered ""Customer (Lifecycle Stage Pipeline)""",hs_v2_date_entered_customer,datetime,,True,False,customer_and_exclusion,,
Contact,0-1,"Date entered ""Evangelist (Lifecycle Stage Pipeline)""",hs_v2_date_entered_evangelist,datetime,,True,False,customer_and_exclusion,,
Contact,0-1,"Date entered ""Lead (Lifecycle Stage Pipeline)""",hs_v2_date_entered_lead,datetime,,True,False,customer_and_exclusion,,
Contact,0-1,"Date entered ""Marketing Qualified Lead (Lifecycle Stage Pipeline)""",hs_v2_date_entered_marketingqualifiedlead,datetime,,True,False,customer_and_exclusion,,
Contact,0-1,"Date entered ""Opportunity (Lifecycle Stage Pipeline)""",hs_v2_date_entered_opportunity,datetime,,True,False,customer_and_exclusion,,
Contact,0-1,"Date entered ""Sales Qualified Lead (Lifecycle Stage Pipeline)""",hs_v2_date_entered_salesqualifiedlead,datetime,,True,False,customer_and_exclusion,,
Contact,0-1,"Date entered ""Subscriber (Lifecycle Stage Pipeline)""",hs_v2_date_entered_subscriber,datetime,,True,False,customer_and_exclusion,,
Contact,0-1,Date entered current stage,hs_v2_date_entered_current_stage,datetime,,True,False,activity_and_freshness,,
Contact,0-1,"Date exited ""Customer (Lifecycle Stage Pipeline)""",hs_v2_date_exited_customer,datetime,,True,False,customer_and_exclusion,,
Contact,0-1,"Date exited ""Evangelist (Lifecycle Stage Pipeline)""",hs_v2_date_exited_evangelist,datetime,,True,False,customer_and_exclusion,,
Contact,0-1,"Date exited ""Lead (Lifecycle Stage Pipeline)""",hs_v2_date_exited_lead,datetime,,True,False,customer_and_exclusion,,
Contact,0-1,"Date exited ""Marketing Qualified Lead (Lifecycle Stage Pipeline)""",hs_v2_date_exited_marketingqualifiedlead,datetime,,True,False,customer_and_exclusion,,
Contact,0-1,"Date exited ""Opportunity (Lifecycle Stage Pipeline)""",hs_v2_date_exited_opportunity,datetime,,True,False,customer_and_exclusion,,
Contact,0-1,"Date exited ""Sales Qualified Lead (Lifecycle Stage Pipeline)""",hs_v2_date_exited_salesqualifiedlead,datetime,,True,False,customer_and_exclusion,,
Contact,0-1,"Date exited ""Subscriber (Lifecycle Stage Pipeline)""",hs_v2_date_exited_subscriber,datetime,,True,False,customer_and_exclusion,,
Contact,0-1,Date of first engagement,hs_sa_first_engagement_date,datetime,,True,False,activity_and_freshness,,
Contact,0-1,Description of first engagement,hs_sa_first_engagement_descr,enumeration,,True,False,activity_and_freshness, [EMPTY_DESCRIPTION]; Bounced [BOUNCED]; Busy [BUSY]; Canceled [CANCELED]; Completed [COMPLETED]; Deferred [DEFERRED]; Facebook Messenger [FB_MESSENGER]; Failed [FAILED]; Live chat [LIVE_CHAT]; Logged call [LOGGED_CALL]; No answer [NO_ANSWER]; No show [NO_SHOW]; Not started [NOT_STARTED]; Rescheduled [RESCHEDULED]; Scheduled [SCHEDULED]; Sending [SENDING]; Sent [SENT]; Waiting [WAITING]; Missed [MISSED]; On Hold [HOLD],
Contact,0-1,Direct eMail Opt-in,mailing_opt_in,bool,,False,False,consent_and_suppression;explicit_a2_candidate;identity_and_contact,Yes [true]; No [false],
Contact,0-1,Disciplines worked with,disciplines_worked_with,enumeration,,False,False,equine_and_professional;explicit_a2_candidate,Recreation/Backyard [recreation_backyard]; Western Performance [western_performance]; English Sport [english_sport]; Racing [racing]; Work [work]; Therapeutic [therapeutic]; Other [other],
Contact,0-1,Do Not Contact,do_not_contact,bool,,False,False,consent_and_suppression;explicit_a2_candidate,Yes [true]; No [false],
Contact,0-1,Domain to which registration email was sent,hs_content_membership_registration_domain_sent_to,string,,True,False,identity_and_contact,,
Contact,0-1,DVM Credential,vet_dvm_flag,bool,,False,False,equine_and_professional,Yes [true]; No [false],
Contact,0-1,Email,email,string,,False,True,explicit_a2_candidate;identity_and_contact,,
Contact,0-1,Email address automated quarantine reason,hs_email_quarantined_reason,enumeration,,True,False,identity_and_contact;quality_and_enrichment,Suspicious List Import [ON_LIST_IMPORT]; High Hard Bounce Rate [HIGH_HARD_BOUNCE_RATE]; Multiple Cancelled Campaigns [MULTIPLE_CANCELLED_CAMPAIGNS]; Suspicious Form Activity [FORM_ABUSE]; Recipient Complaint [RECIPIENT_COMPLAINT]; Suspension Remediation [SUSPENSION_REMEDIATION]; Blocklist Remediation [BLOCKLIST_REMEDIATION]; Trust & Safety Remediation [TRUST_SAFETY_REMEDIATION]; Other [OTHER]; Undeliverable Email Address [UNDELIVERABLE_ADDRESS]; Microsoft Undeliverable - Microsoft reports that address is inactive [MICROSOFT_UNDELIVERABLE],
Contact,0-1,Email address quarantine reason,hs_email_customer_quarantined_reason,enumeration,,False,False,identity_and_contact;quality_and_enrichment,Suspension Remediation [SUSPENSION_REMEDIATION]; Blocklist Remediation [BLOCKLIST_REMEDIATION]; Trust & Safety Remediation [TRUST_SAFETY_REMEDIATION],
Contact,0-1,Email Address Quarantined,hs_email_quarantined,bool,,True,False,identity_and_contact;quality_and_enrichment,True [true]; False [false],
Contact,0-1,Email Confirmed,hs_content_membership_email_confirmed,bool,,True,False,identity_and_contact,True [true]; False [false],
Contact,0-1,Email Domain,hs_email_domain,string,,True,False,identity_and_contact,,
Contact,0-1,Email Engagement,email_engagement,enumeration,,False,False,identity_and_contact,High [High]; Medium [Medium]; Low [Low]; Unsubscribed [Unsubscribed],
Contact,0-1,Email hard bounce reason,hs_email_hard_bounce_reason_enum,enumeration,,True,False,identity_and_contact;quality_and_enrichment,Content [CONTENT]; Mailbox full [MAILBOX_FULL]; Other [OTHER]; Policy [POLICY]; Spam [SPAM]; Unknown user [UNKNOWN_USER],
Contact,0-1,Email live sourcing restricted,hs_email_live_sourcing_restricted,bool,,True,False,identity_and_contact,Yes [true]; No [false],
Contact,0-1,Email type,hs_email_type,enumeration,,False,False,identity_and_contact,Personal [personal]; Work [work],
Contact,0-1,Employment Role,hs_role,enumeration,,False,False,identity_and_contact,Accounting [accounting]; Administrative [administrative]; Business Development [business_development]; Communications [communications]; Consulting [consulting]; Customer Service [customer_service]; Design [design]; Education [education]; Engineering [engineering]; Entrepreneurship [entrepreneurship]; Finance [finance]; Health Professional [health_professional]; Human Resources [human_resources]; Information Technology [information_technology]; Legal [legal]; Marketing [marketing]; Operations [operations]; Product [product]; Project Management [project_management]; Public Relations [public_relations]; Quality Assurance [quality_assurance]; Real Estate [real_estate]; Recruiting [recruiting]; Research [research]; Sales [sales]; Support [support]; Retired [retired],
Contact,0-1,Employment Sub Role,hs_sub_role,enumeration,,False,False,identity_and_contact,Account Executive [account_executive]; Account Manager [account_manager]; Accountant [accountant]; Accounting Manager [accounting_manager]; Administrative Assistant [administrative_assistant]; Appraisal [appraisal]; Architect IT [architect_it]; Assistant [assistant]; Attorney [attorney]; Auditor [auditor]; Brand Marketing [brand_marketing]; Business Analyst [business_analyst]; Business Consultant [business_consultant]; Business Manager [business_manager]; Chief Financial Officer [chief_financial_officer]; Communications Manager [communications_manager]; Community [community]; Content Marketing [content_marketing]; Contracts [contracts]; Creative [creative]; Customer Service Specialist [customer_service_specialist]; Customer Success [customer_success]; Data IT [data_it]; Data Science Engineer [data_science_engineer]; Database Administrator [database_administrator]; Design Engineer [design_engineer]; Development Specialist [development_specialist]; Devops Engineer [devops_engineer]; Digital Marketing [digital_marketing]; Director of Development [director_of_development]; Editorial [editorial]; Electrical Engineer [electrical_engineer]; Engineering Manager [engineering_manager]; Events [events]; Executive Assistant [executive_assistant]; Facilities [facilities]; Fashion Design [fashion_design]; Field Marketing [field_marketing]; Financial Analyst [financial_analyst]; Financial Controller [financial_controller]; Fitness [fitness]; Founder [founder]; General Counsel [general_counsel]; General Manager [general_manager]; General Partner [general_partner]; Graphic Design [graphic_design]; Human Resources Specialist [human_resources_specialist]; Information Technology Specialist [information_technology_specialist]; Investment [investment]; Investment Banker [investment_banker]; Journalist [journalist]; Key Account Manager [key_account_manager]; Law Enforcement [law_enforcement]; Lawyer [lawyer]; Logistics Manager [logistics_manager]; Management [management]; Marketing Specialist [marketing_specialist]; Mechanical Engineer [mechanical_engineer]; Medical Doctor [medical_doctor]; Network Engineer [network_engineer]; Nurse [nurse]; Office Management [office_management]; Office Manager [office_manager]; Operational Specialist [operational_specialist]; Owner [owner]; Paralegal [paralegal]; Principal [principal]; Product Design [product_design]; Product Manager [product_manager]; Product Marketing [product_marketing]; Production Manager [production_manager]; Professor [professor]; Program Coordinator [program_coordinator]; Program Manager [program_manager]; Project Engineer [project_engineer]; Project Manager [project_manager]; Property Manager [property_manager]; QA engineer [qa_engineer]; QA IT [qa_it]; Quality Assurance Manager [quality_assurance_manager]; Quality Assurance Specialist [quality_assurance_specialist]; Realtor [realtor]; Recruiter [recruiter]; Relationship Manager [relationship_manager]; Research Analyst [research_analyst]; Risk Compliance [risk_compliance]; Sales Executive [sales_executive]; Sales Operations [sales_operations]; Sales Specialist [sales_specialist]; Salesperson [salesperson]; Secretary [secretary]; Social Marketing [social_marketing]; Software Engineer [software_engineer]; Strategy [strategy]; Student [student]; Support [support]; Support Specialist [support_specialist]; System Administrator [system_administrator]; System Analyst [system_analyst]; Systems Engineer [systems_engineer]; Talent [talent]; Tax Audit [tax_audit]; Teacher [teacher]; Technical Manager [technical_manager]; Technical Support Specialist [technical_support_specialist]; Therapist [therapist]; Training [training]; Video [video]; Web Developer [web_developer]; Writer [writer]; Chief Executive Officer [chief_executive_officer]; Chief Operating Officer [chief_operating_officer]; Chief Marketing Officer [chief_marketing_officer]; Chief Technology Officer [chief_technology_officer]; Chief Information Officer [chief_information_officer]; Chief Human Resources officer [chief_human_resources_officer]; Chief Compliance Officer [chief_compliance_officer]; Chief Risk Officer [chief_risk_officer]; Chief Data Officer [chief_data_officer]; Chief Product Officer [chief_product_officer]; Chief Revenue Officer [chief_revenue_officer]; Chief Sustainability Officer [chief_sustainability_officer]; Chief Legal Officer [chief_legal_officer]; Chief Security Officer [chief_security_officer]; Chief Experience Officer [chief_experience_officer]; Chief Innovation Officer [chief_innovation_officer]; Retail [retail]; Retired [retired],
Contact,0-1,Enriched Email Bounce Detected (Deprecated),hs_enriched_email_bounce_detected,bool,,False,False,identity_and_contact;quality_and_enrichment,Yes [true]; No [false],
Contact,0-1,Enrichment opt out,hs_contact_enrichment_opt_out,bool,,True,False,explicit_a2_candidate;quality_and_enrichment,Yes [true]; No [false],
Contact,0-1,Enrichment opt out timestamp,hs_contact_enrichment_opt_out_timestamp,datetime,,True,False,explicit_a2_candidate;quality_and_enrichment,,
Contact,0-1,EQUINET User ID,user_id,string,,False,False,external_ids_and_associations,,
Contact,0-1,Exclude from Data Quality,exclude_from_data_quality,bool,,False,False,explicit_a2_candidate;quality_and_enrichment,Yes [true]; No [false],
Contact,0-1,Facebook URL,facebook_url,string,,False,False,explicit_a2_candidate,,
Contact,0-1,Farrier Connected,farrier_connected,string,,False,False,equine_and_professional,,
Contact,0-1,Farrier School,farrier_school,string,,False,False,equine_and_professional;explicit_a2_candidate,,
Contact,0-1,First marketing email click date,hs_email_first_click_date,datetime,,True,False,identity_and_contact,,
Contact,0-1,First marketing email open date,hs_email_first_open_date,datetime,,True,False,identity_and_contact,,
Contact,0-1,First marketing email reply date,hs_email_first_reply_date,datetime,,True,False,identity_and_contact,,
Contact,0-1,First marketing email send date,hs_email_first_send_date,datetime,,True,False,identity_and_contact,,
Contact,0-1,First Name,firstname,string,,False,False,explicit_a2_candidate;identity_and_contact,,
Contact,0-1,GDPR / CAN-SPAM Consent,gdpr_consent,bool,,False,False,consent_and_suppression;explicit_a2_candidate,Yes [true]; No [false],
Contact,0-1,Has Active Resale Horse,owner_resale_flag,bool,,False,False,equine_and_professional;ownership_and_routing,Yes [true]; No [false],
Contact,0-1,Has been enriched,hs_is_enriched,bool,,True,False,explicit_a2_candidate;quality_and_enrichment,Yes [true]; No [false],
Contact,0-1,Horse Breed(s),owner_breeds,enumeration,,False,False,equine_and_professional;explicit_a2_candidate;ownership_and_routing,Thoroughbred [Thoroughbred]; QH [QH]; Warmblood [Warmblood]; Saddlebred [Saddlebred]; Mixed [Mixed]; Other [Other],
Contact,0-1,Horse Count Range,horse_count_range,enumeration,,False,False,equine_and_professional;explicit_a2_candidate,1 horse [1 horse]; 2 - 4 horses [2 - 4 horses]; 5 - 20 horses [5 - 20 horses]; 11 - 25 horses [11 - 25 horses]; 26 - 50 horses [26 - 50 horses]; 50+ horses [50+ horses],
Contact,0-1,Horse Passports Created,owner_passports_created,number,,False,False,equine_and_professional;ownership_and_routing,,
Contact,0-1,Horses on Platform,horses_served_platform,number,,False,False,equine_and_professional,,
Contact,0-1,Horses Served / Month,farrier_horses_served,number,,False,False,equine_and_professional;explicit_a2_candidate,,
Contact,0-1,HubSpot Team,hubspot_team_id,enumeration,,True,False,explicit_a2_candidate;ownership_and_routing,EQUINET Team [157764626]; Mustad USA Sales Team [184279571],
Contact,0-1,I agree to receive communications via text.,text_communication_opt_in,bool,,False,False,consent_and_suppression,True [true]; False [false],
Contact,0-1,I agree to receive communications via the EQUINET app.,equinet_app_communication_opt_in,bool,,False,False,consent_and_suppression,True [true]; False [false],
Contact,0-1,ID of first engagement,hs_first_engagement_object_id,number,,True,False,activity_and_freshness,,
Contact,0-1,Intent Signals active,hs_intent_signals_enabled,bool,,True,False,qualification_and_score,Yes [true]; No [false],
Contact,0-1,Invalid email address,hs_email_bad_address,bool,,True,False,identity_and_contact;quality_and_enrichment,True [true]; False [false],
Contact,0-1,Invited By (Owner),equinet_invited_by,string,,False,False,ownership_and_routing,,
Contact,0-1,IP City,ip_city,string,,True,False,identity_and_contact,,
Contact,0-1,IP Country,ip_country,string,,True,False,identity_and_contact,,
Contact,0-1,IP Country Code,ip_country_code,string,,True,False,identity_and_contact,,
Contact,0-1,IP State Code/Region Code,ip_state_code,string,,True,False,identity_and_contact,,
Contact,0-1,IP State/Region,ip_state,string,,True,False,identity_and_contact,,
Contact,0-1,Job Title,jobtitle,string,,False,False,explicit_a2_candidate;identity_and_contact,,
Contact,0-1,Journey Stage,hs_journey_stage,enumeration,,False,False,qualification_and_score,New Contact [new_contact]; In Nurturing [in_nurturing]; Low-Intent [low_intent]; Mid-Intent [mid_intent]; High-Intent [high_intent]; Unqualified [unqualified]; Qualified [qualified]; Onboarding [onboarding]; Post Onboarding [post_onboarding]; Engaged [engaged]; Unengaged [unengaged],
Contact,0-1,KAEP Member,vet_kaep_member,bool,,False,False,equine_and_professional,Yes [true]; No [false],
Contact,0-1,Last Activity Date,notes_last_updated,datetime,,True,False,activity_and_freshness,,
Contact,0-1,Last App Activity Date,user_last_active_at,datetime,,False,False,activity_and_freshness,,
Contact,0-1,Last Contacted,notes_last_contacted,datetime,,True,False,activity_and_freshness,,
Contact,0-1,Last Engagement Date,hs_last_sales_activity_timestamp,datetime,,True,False,activity_and_freshness,,
Contact,0-1,Last Field Visit Date,farrier_last_visit_date,date,,False,False,equine_and_professional,,
Contact,0-1,Last marketing email click date,hs_email_last_click_date,datetime,,True,False,identity_and_contact,,
Contact,0-1,Last marketing email name,hs_email_last_email_name,string,,True,False,identity_and_contact,,
Contact,0-1,Last marketing email open date,hs_email_last_open_date,datetime,,True,False,identity_and_contact,,
Contact,0-1,Last marketing email reply date,hs_email_last_reply_date,datetime,,True,False,identity_and_contact,,
Contact,0-1,Last marketing email send date,hs_email_last_send_date,datetime,,True,False,identity_and_contact,,
Contact,0-1,Last Modified Date,lastmodifieddate,datetime,,True,False,activity_and_freshness,,
Contact,0-1,Last Name,lastname,string,,False,False,explicit_a2_candidate;identity_and_contact,,
Contact,0-1,"Latest time in ""Customer (Lifecycle Stage Pipeline)""",hs_v2_latest_time_in_customer,number,,True,False,customer_and_exclusion,,
Contact,0-1,"Latest time in ""Evangelist (Lifecycle Stage Pipeline)""",hs_v2_latest_time_in_evangelist,number,,True,False,customer_and_exclusion,,
Contact,0-1,"Latest time in ""Lead (Lifecycle Stage Pipeline)""",hs_v2_latest_time_in_lead,number,,True,False,customer_and_exclusion,,
Contact,0-1,"Latest time in ""Marketing Qualified Lead (Lifecycle Stage Pipeline)""",hs_v2_latest_time_in_marketingqualifiedlead,number,,True,False,customer_and_exclusion,,
Contact,0-1,"Latest time in ""Opportunity (Lifecycle Stage Pipeline)""",hs_v2_latest_time_in_opportunity,number,,True,False,customer_and_exclusion,,
Contact,0-1,"Latest time in ""Sales Qualified Lead (Lifecycle Stage Pipeline)""",hs_v2_latest_time_in_salesqualifiedlead,number,,True,False,customer_and_exclusion,,
Contact,0-1,"Latest time in ""Subscriber (Lifecycle Stage Pipeline)""",hs_v2_latest_time_in_subscriber,number,,True,False,customer_and_exclusion,,
Contact,0-1,Lead Source,lead_source,enumeration,,False,False,explicit_a2_candidate,App Registrations [App Registrations]; Meta Ads [Meta Ads]; Google Ads [Google Ads]; Referral [Referral]; Association [Association]; Rep [Rep]; QR code [QR code]; Web [Web]; Other [Other],
Contact,0-1,Lead Source Farrier,farrier_lead_source,enumeration,,False,False,equine_and_professional,Rep [Rep]; Trade Show [Trade Show]; Association [Association]; Web [Web]; Referral [Referral]; Import [Import],
Contact,0-1,Lead Status,hs_lead_status,enumeration,,False,False,customer_and_exclusion;explicit_a2_candidate,New [NEW]; Open [OPEN]; In Progress [IN_PROGRESS]; Open Deal [OPEN_DEAL]; Unqualified [UNQUALIFIED]; Attempted to Contact [ATTEMPTED_TO_CONTACT]; Connected [CONNECTED]; Bad Timing [BAD_TIMING],
Contact,0-1,Legal basis for processing contact's data,hs_legal_basis,enumeration,,False,False,consent_and_suppression;explicit_a2_candidate,Legitimate interest - Lead [Legitimate interest – prospect/lead]; Legitimate interest - Customer [Legitimate interest – existing customer]; Legitimate interest - Other [Legitimate interest - other]; Performance of a contract [Performance of a contract]; Freely given consent from contact [Freely given consent from contact]; Not applicable [Not applicable],
Contact,0-1,Lifecycle Stage,lifecyclestage,enumeration,,False,False,customer_and_exclusion;explicit_a2_candidate,,Lifecycle Stage Pipeline > Lead [lead]; Lifecycle Stage Pipeline > Marketing Qualified Lead [marketingqualifiedlead]; Lifecycle Stage Pipeline > Sales Qualified Lead [salesqualifiedlead]; Lifecycle Stage Pipeline > Opportunity [opportunity]; Lifecycle Stage Pipeline > Customer [customer]; Lifecycle Stage Pipeline > Evangelist [evangelist]; Lifecycle Stage Pipeline > Subscriber [subscriber]
Contact,0-1,Likelihood to close,hs_predictivecontactscore_v2,number,,True,False,explicit_a2_candidate;qualification_and_score,,
Contact,0-1,LinkedIn URL,hs_linkedin_url,string,,False,False,explicit_a2_candidate,,
Contact,0-1,MAP Enrollment Date,farrier_fap_enrollment_date,date,,False,False,equine_and_professional,,
Contact,0-1,MAP Primary Discipline,map_primary_discipline,enumeration,,False,False,equine_and_professional,Recreation/Backyard [Recreation/Backyard]; Western [Western]; English Sport [English Sport]; Racing [Racing]; Therapeutic [Therapeutic]; Work [Work]; Other [Other],
Contact,0-1,Marketing contact status,hs_marketable_status,enumeration,,True,False,consent_and_suppression;explicit_a2_candidate,Marketing contact [true]; Non-marketing contact [false],
Contact,0-1,Marketing contact status source name,hs_marketable_reason_id,string,,True,False,consent_and_suppression;identity_and_contact,,
Contact,0-1,Marketing contact status source type,hs_marketable_reason_type,enumeration,,True,False,consent_and_suppression,Ad [AD]; Contact Import [CONTACT_IMPORT]; Conversation [CONVERSATION]; Form Submission [FORM_SUBMISSION]; Initial State [INITIAL_STATE]; Integrator Set [INTEGRATOR_SET]; User Set [USER_SET]; Workflow [WORKFLOW]; Email [EMAIL]; Sample Contact [SAMPLE_CONTACT]; Feedback Submission [FEEDBACK_SUBMISSION],
Contact,0-1,Marketing email confirmation status,hs_emailconfirmationstatus,enumeration,,True,False,identity_and_contact,Confirmed [Confirmed]; Confirmation Pending [Confirmation Pending]; Confirmation Email Sent [Confirmation Email Sent]; User clicked confirmation [User clicked confirmation]; HubSpot Rep. marked confirmed [HubSpot Rep. marked confirmed]; Customer marked confirmed [Customer marked confirmed]; Confirmed from previous behavior [Confirmed from previous behavior]; Confirmed due to form [Confirmed due to form],
Contact,0-1,Marketing Email Opt In,marketing_email_opt_in_yes,enumeration,,False,False,consent_and_suppression;explicit_a2_candidate;identity_and_contact,Yes [true]; No [false],
Contact,0-1,Marketing emails bounced,hs_email_bounce,number,,True,False,identity_and_contact;quality_and_enrichment,,
Contact,0-1,Marketing emails clicked,hs_email_click,number,,True,False,identity_and_contact,,
Contact,0-1,Marketing emails delivered,hs_email_delivered,number,,True,False,identity_and_contact,,
Contact,0-1,Marketing emails opened,hs_email_open,number,,True,False,identity_and_contact,,
Contact,0-1,Marketing emails replied,hs_email_replied,number,,True,False,identity_and_contact,,
Contact,0-1,Member email,hs_content_membership_email,string,,False,False,identity_and_contact,,
Contact,0-1,Member of State/Region Association,member_of_stateregion_association,bool,,False,False,identity_and_contact,Yes [true]; No [false],
Contact,0-1,Merged Contact IDs,hs_merged_object_ids,enumeration,,True,False,explicit_a2_candidate;external_ids_and_associations,,
Contact,0-1,Mobile Phone Number,mobilephone,string,,False,False,explicit_a2_candidate;identity_and_contact,,
Contact,0-1,Mustad Appreciation Program (MAP),farrier_fap_member,enumeration,,False,False,equine_and_professional,Yes [true]; No [false],
Contact,0-1,Number of Associated Deals,num_associated_deals,number,,True,False,customer_and_exclusion;explicit_a2_candidate;external_ids_and_associations,,
Contact,0-1,Number of Horses,owner_horse_count,number,,False,False,equine_and_professional;explicit_a2_candidate;ownership_and_routing,,
Contact,0-1,Opted out of all email from: Mustad USA,business_unit_optout_18640656,enumeration,,True,False,consent_and_suppression;identity_and_contact,Yes [true]; No [false],
Contact,0-1,Opted out of email: Customer Service Communication,hs_email_optout_2431422236,enumeration,,True,False,consent_and_suppression;identity_and_contact,Yes [true]; No [false],
Contact,0-1,Opted out of email: Marketing Information,hs_email_optout_2585761664,enumeration,,True,False,consent_and_suppression;identity_and_contact,Yes [true]; No [false],
Contact,0-1,Opted out of email: Marketing Information,hs_email_optout_627076427,enumeration,,True,False,consent_and_suppression;identity_and_contact,Yes [true]; No [false],
Contact,0-1,Opted out of email: One to One,hs_email_optout_627076428,enumeration,,True,False,consent_and_suppression;identity_and_contact,Yes [true]; No [false],
Contact,0-1,organisation_role,organisation_role,enumeration,,False,False,identity_and_contact,founder [founder]; admin [admin]; member [member],
Contact,0-1,Other discipline,other_discipline,string,,False,False,equine_and_professional,,
Contact,0-1,Owner assigned date,hubspot_owner_assigneddate,datetime,,True,False,ownership_and_routing,,
Contact,0-1,Owners Connected,vet_owners_connected,number,,False,False,ownership_and_routing,,
Contact,0-1,Phone Number,phone,string,,False,False,explicit_a2_candidate;identity_and_contact,,
Contact,0-1,Postal Code,zip,string,,False,False,explicit_a2_candidate;identity_and_contact,,
Contact,0-1,Practice Type,vet_practice_type,enumeration,,False,False,equine_and_professional,Solo ambulatory [Solo ambulatory]; Group practice [Group practice]; Hospital / Clinic [Hospital / Clinic]; University [University]; Racetrack [Racetrack],
Contact,0-1,Preferred Dealer #1,farrier_preferred_dist_1,string,,False,False,equine_and_professional,,
Contact,0-1,Primary Discipline Farrier,farrier_primary_discipline,enumeration,,False,False,equine_and_professional;explicit_a2_candidate,Racing [Racing]; Sport Horse [Sport Horse]; Western [Western]; Recreation [Recreation]; Work [Work]; Mix [Mix],
Contact,0-1,Primary Discipline Owner,owner_primary_discipline,enumeration,,False,False,equine_and_professional;explicit_a2_candidate;ownership_and_routing,Racing [Racing]; Sport horse [Sport horse]; Dressage [Dressage]; Show jumping [Show jumping]; Western [Western]; Trail [Trail]; Breeding [Breeding]; Other [Other],
Contact,0-1,Primary Horse Relationship,horse_relationship,enumeration,,False,False,equine_and_professional;explicit_a2_candidate,Trail riding [Trail riding]; Competitive rider [Competitive rider]; Horse Owner [Horse Owner]; Breeder [Breeder]; Professional trainer or coach [Professional trainer or coach]; Horse dealer or trader [Horse dealer or trader]; Farm or stable operator [Farm or stable operator]; Occasional caretaker for someone else's horses [Occasional caretaker for someone else's horses]; Other [Other],
Contact,0-1,Primary Product Line,farrier_primary_product,string,,False,False,equine_and_professional,,
Contact,0-1,Primary Speciality,vet_speciality,enumeration,,False,False,equine_and_professional,Lameness [Lameness]; Reproduction [Reproduction]; Surgery [Surgery]; Internal med [Internal med]; Dentistry [Dentistry]; Sports med [Sports med]; General [General],
Contact,0-1,Promo Participation,farrier_promo_participation,string,,False,False,equine_and_professional,,
Contact,0-1,Promo Participation Cost to Mustad,farrier_promo_participation_cost,string,,False,False,equine_and_professional,,
Contact,0-1,Prospecting agent enrollment status,hs_prospecting_agent_enrollment_status,enumeration,,True,False,customer_and_exclusion,Ready for Review [READY_FOR_REVIEW]; In Progress [IN_PROGRESS]; Researching [RESEARCHING]; Queued [QUEUED]; Errored [ERRORED]; Finished [FINISHED]; Unenrolled [UNENROLLED],
Contact,0-1,Quarantined Emails,hs_quarantined_emails,string,,True,False,identity_and_contact;quality_and_enrichment,,
Contact,0-1,Recent Closed Order Date,hs_recent_closed_order_date,datetime,,True,False,activity_and_freshness,,
Contact,0-1,Recent Conversion,recent_conversion_event_name,string,,True,False,activity_and_freshness,,
Contact,0-1,Recent Conversion Date,recent_conversion_date,datetime,,True,False,activity_and_freshness,,
Contact,0-1,Recent Deal Amount,recent_deal_amount,number,,True,False,activity_and_freshness,,
Contact,0-1,Recent Deal Close Date,recent_deal_close_date,datetime,,True,False,activity_and_freshness,,
Contact,0-1,Recent Sales Email Clicked Date,hs_sales_email_last_clicked,datetime,,True,False,activity_and_freshness;identity_and_contact,,
Contact,0-1,Recent Sales Email Opened Date,hs_sales_email_last_opened,datetime,,True,False,activity_and_freshness;identity_and_contact,,
Contact,0-1,Recent Sales Email Replied Date,hs_sales_email_last_replied,datetime,,True,False,activity_and_freshness;identity_and_contact,,
Contact,0-1,Record ID,hs_object_id,number,,True,False,explicit_a2_candidate;external_ids_and_associations,,
Contact,0-1,Relationship Status,relationship_status,string,,False,False,customer_and_exclusion,,
Contact,0-1,Resale Profile Shares,owner_resale_profile_shares,number,,False,False,ownership_and_routing,,
Contact,0-1,Sample Product Name,sample_product_name,string,,False,False,identity_and_contact,,
Contact,0-1,Sample Product Type,farrier_sample_product_type,string,,False,False,equine_and_professional,,
Contact,0-1,Sample Products,farrier_sample_products,enumeration,,False,False,equine_and_professional,Front Shoe [Front Shoe]; Hind Shoe [Hind Shoe]; Nail [Nail]; Rasp [Rasp],
Contact,0-1,Sample Request State,sample_request_state,enumeration,,False,False,identity_and_contact,Alabama [alabama]; Alaska [alaska]; Arizona [arizona]; Arkansas [arkansas]; California [california]; Colorado [colorado]; Connecticut [connecticut]; Delaware [delaware]; Florida [florida]; Georgia [georgia]; Hawaii [hawaii]; Idaho [idaho]; Illinois [illinois]; Indiana [indiana]; Iowa [iowa]; Kansas [kansas]; Kentucky [kentucky]; Louisiana [louisiana]; Maine [maine]; Maryland [maryland]; Massachusetts [massachusetts]; Michigan [michigan]; Minnesota [minnesota]; Mississippi [mississippi]; Missouri [missouri]; Montana [montana]; Nebraska [nebraska]; Nevada [nevada]; New Hampshire [new_hampshire]; New Jersey [new_jersey]; New Mexico [new_mexico]; New York [new_york]; North Carolina [north_carolina]; North Dakota [north_dakota]; Ohio [ohio]; Oklahoma [oklahoma]; Oregon [oregon]; Pennsylvania [pennsylvania]; Rhode Island [rhode_island]; South Carolina [south_carolina]; South Dakota [south_dakota]; Tennessee [tennessee]; Texas [texas]; Utah [utah]; Vermont [vermont]; Virginia [virginia]; Washington [washington]; West Virginia [west_virginia]; Wisconsin [wisconsin]; Wyoming [wyoming]; Columbia [Columbia],
Contact,0-1,Sample Sent (Date),farrier_sample_date_sent,date,,False,False,equine_and_professional,,
Contact,0-1,Samples Sent (Count),farrier_samples_sent,number,,False,False,equine_and_professional,,
Contact,0-1,Secondary Email,secondary_email,string,,False,False,explicit_a2_candidate;identity_and_contact,,
Contact,0-1,Secondary Phone Number,secondary_phone_number,string,,False,False,explicit_a2_candidate;identity_and_contact,,
Contact,0-1,Sends Since Last Engagement,hs_email_sends_since_last_engagement,number,,True,False,activity_and_freshness;identity_and_contact,,
Contact,0-1,Shared teams,hs_shared_team_ids,enumeration,,False,False,ownership_and_routing,EQUINET Team [157764626]; Mustad USA Sales Team [184279571],
Contact,0-1,Shared users,hs_shared_user_ids,enumeration,,False,False,ownership_and_routing,Mohammad reza Asadi [36771337]; Lucija Batarelo [77926659]; Sharon Colvin [35787418]; Julie Durushia [35787459]; Tahmineh Goljan [34737828]; Hannah Goshorn [35051820]; Mustad HubSpot [35006795]; Kris Kibbey [35051818]; Fred Lang [35223608]; Rob Logsdon [35051851]; Hayley Moore [77926690]; Sample Request Mustad USA [36398228]; Rachel Otten [33209911]; allison Phleger [35051819]; shahin qoli [95099317]; Tim Shannon [35051817]; Lindsay Stafford [92300650]; Cetrix Support [50462861]; Todd Walker [35051821]; Faezeh Yazdani [91453469]; DAVID YORK [35051822],
Contact,0-1,Shipping Address Full,shipping_address_full,string,,False,False,identity_and_contact,,
Contact,0-1,SMS Opt-in,sms_opt_in,bool,,False,False,consent_and_suppression;explicit_a2_candidate,Yes [true]; No [false],
Contact,0-1,Stable / Farm Name,owner_stable_name,string,,False,False,equine_and_professional;explicit_a2_candidate;identity_and_contact;ownership_and_routing,,
Contact,0-1,Stable Type,stable_type,enumeration,,False,False,equine_and_professional;explicit_a2_candidate,Private Farm [Private Farm]; Boarding [Boarding]; Training [Training]; Breeding [Breeding]; Backyard [Backyard],
Contact,0-1,State/Region,state,string,,False,False,explicit_a2_candidate;identity_and_contact,,
Contact,0-1,State/Region Code,hs_state_code,string,,False,False,identity_and_contact,,
Contact,0-1,Street Address,address,string,,False,False,explicit_a2_candidate;identity_and_contact,,
Contact,0-1,Subscription Status,subscription_status,enumeration,,False,False,customer_and_exclusion,Free [Free]; Trial [Trial]; Cancelled [Cancelled]; Expired [Expired],
Contact,0-1,Time enrolled in registration follow up emails,hs_content_membership_follow_up_enqueued_at,datetime,,True,False,identity_and_contact,,
Contact,0-1,Time registration email was sent,hs_content_membership_registration_email_sent_at,datetime,,True,False,identity_and_contact,,
Contact,0-1,Type of first engagement,hs_sa_first_engagement_object_type,enumeration,,True,False,activity_and_freshness,Call [CALL]; Conversation session [CONVERSATION_SESSION]; Email [EMAIL]; Meeting [MEETING_EVENT]; Task [TASK],
Contact,0-1,Unsubscribed from all email,hs_email_optout,bool,,True,False,consent_and_suppression;explicit_a2_candidate;identity_and_contact,True [true]; False [false],
Contact,0-1,Updated by user ID,hs_updated_by_user_id,number,,True,False,external_ids_and_associations,Mohammad reza Asadi [36771337]; Lucija Batarelo [77926659]; Sharon Colvin [35787418]; Julie Durushia [35787459]; Tahmineh Goljan [34737828]; Hannah Goshorn [35051820]; Mustad HubSpot [35006795]; Kris Kibbey [35051818]; Fred Lang [35223608]; Rob Logsdon [35051851]; Hayley Moore [77926690]; Sample Request Mustad USA [36398228]; Rachel Otten [33209911]; allison Phleger [35051819]; shahin qoli [95099317]; Tim Shannon [35051817]; Lindsay Stafford [92300650]; Cetrix Support [50462861]; Todd Walker [35051821]; Faezeh Yazdani [91453469]; DAVID YORK [35051822],
Contact,0-1,Verified Contributor,equinet_verified_contributor,bool,,False,False,quality_and_enrichment,Yes [true]; No [false],
Contact,0-1,Website URL,website,string,,False,False,explicit_a2_candidate;identity_and_contact,,
Contact,0-1,WhatsApp Opt-in,whatsapp_opt_in,bool,,False,False,consent_and_suppression;explicit_a2_candidate,Yes [true]; No [false],
Contact,0-1,WhatsApp Phone Number,hs_whatsapp_phone_number,string,,False,False,identity_and_contact,,
Contact,0-1,Where do you buy farrier supplies and products,where_do_you_buy_farrier_supplies_and_products,string,,False,False,equine_and_professional,,
Contact,0-1,Where do you buy farrier supplies and products?,where_do_you_buy_farrier_supplies_and_products_dropdown,enumeration,,False,False,equine_and_professional,"ALVIN FARRIER SUPPLIES [alvin_farrier_supplies]; AMSTERDAM FARRIER SUPPLY, LLC [amsterdam_farrier_supply_llc]; ANVIL BRAND SHOE CO. [anvil_brand_shoe_co]; ARIZONA FEEDS COUNTRY STORE N [arizona_feeds_country_store_n]; B BAR B LEATHER [b_bar_b_leather]; BEDFORD TACK [bedford_tack]; BLUE RIBBON FARRIER SUPPLIES [blue_ribbon_farrier_supplies]; BOUTIQUE DU HARNAIS [boutique_du_harnais]; BREEDERS FARRIERS SUPPLY - EAST [breeders_farriers_supply_east]; BROWN'S TRUE VALUE [browns_true_value]; BRYAN HORSESHOEING SUPPLY [bryan_horseshoeing_supply]; BYLER'S BUGGY SHOP [bylers_buggy_shop]; C & M HORSESHOE SALES [c_and_m_horseshoe_sales]; C & O DISTRIBUTORS, INC. [c_and_o_distributors_inc]; CALIFORNIA FARRIER SUPPLIES - CANOGA [california_farrier_supplies_canoga]; CALIFORNIA FARRIER SUPPLIES - SIERRA FS [california_farrier_supplies_sierra_fs]; CANADIAN FORGE & FARRIER [canadian_forge_and_farrier]; CAVALLO HORSE & RIDER INC. [cavallo_horse_and_rider_inc]; CEDAR LANE SHOP [cedar_lane_shop]; CENTAUR FORGE, LLC [centaur_forge_llc]; CHITWOOD FEED & SUPPLY [chitwood_feed_and_supply]; COOPER'S COUNTRY STORE [coopers_country_store]; CROSSROADS FARRIER SUPPLY [crossroads_farrier_supply]; D & L FARM AND HOME, INC. [d_and_l_farm_and_home_inc]; DAVISON FEED SUPPLY [davison_feed_supply]; DIAMOND K COMPANY [diamond_k_company]; DOUBLE BAR ONE, INC. [double_bar_one_inc]; DS HORSESHOE SUPPLY [ds_horseshoe_supply]; EAST COAST HORSESHOE SUPPLY CO [east_coast_horseshoe_supply_co]; EMERSON HORSESHOE SUPPLY [emerson_horseshoe_supply]; EMPIRE FARRIER SUPPLY [empire_farrier_supply]; EQUINE DIGIT SUPPORT SYSTEM [equine_digit_support_system]; EVANS FEED & LIVESTOCK -MADERA [evans_feed_and_livestock_madera]; FARMERS FEED, LLC [farmers_feed_llc]; FARRIER HUB, LLC [farrier_hub_llc]; FARRIER SUPPLIES [farrier_supplies]; FARRIERS DEPOT [farriers_depot]; FARRIERS EXPRESS, LLC [farriers_express_llc]; FARRIERS WAREHOUSE [farriers_warehouse]; FINGER LAKES FARRIER SUPPLY [finger_lakes_farrier_supply]; GEISLER FARM SUPPLY [geisler_farm_supply]; GEORGIA FARRIER SUPPLY [georgia_farrier_supply]; GRABER STEEL & FAB LLC [graber_steel_and_fab_llc]; GRAND PRAIRIE FEED SERVICE [grand_prairie_feed_service]; GREENE COUNTY HORSESHOE, INC. [greene_county_horseshoe_inc]; GREEN'S FEED INC. [greens_feed_inc]; GROGAN'S FARM & RANCH [grogans_farm_and_ranch]; GUNTERSVILLE FEED STORE [guntersville_feed_store]; HARRY PATTON - MONROVIA, INC. [harry_patton_monrovia_inc]; HAWES RANCH & FARM-RED BLUFF [hawes_ranch_and_farm_red_bluff]; HAWES RANCH AND FARM-ANDERSON [hawes_ranch_and_farm_anderson]; HAY PLUS FARMS [hay_plus_farms]; HIGH COUNTRY HORSESHOES [high_country_horseshoes]; HIGH PLAINS CATTLE SUPPLY, LLC [high_plains_cattle_supply_llc]; HOOF & NAIL FARRIER SUPPLY [hoof_and_nail_farrier_supply]; HOOVERS BUGGY SHOP [hoovers_buggy_shop]; HORSESHOE MART [horseshoe_mart]; HORSESHOES PLUS [horseshoes_plus]; HUNGRY CRITTERS FEED # 572-000 [hungry_critters_feed_572_000]; INDEPENDENT DEALER SUPPLY [independent_dealer_supply]; IOWA HORSESHOEING SUPPLY [iowa_horseshoeing_supply]; IRONCRAFT HORSESHOES INC. [ironcraft_horseshoes_inc]; IRVINE TACK & TRAILERS [irvine_tack_and_trailers]; J & R TACK & FEED [j_and_r_tack_and_feed]; JACKSON FARRIER SUPPLIES, INC. [jackson_farrier_supplies_inc]; JACKSON TRADING CO. [jackson_trading_co]; JM4 RANCH HARNESS & TACK [jm4_ranch_harness_and_tack]; JUPE MILLS [jupe_mills]; KAMAS VALLEY FEED [kamas_valley_feed]; KEN DAVIS & SONS, INC. [ken_davis_and_sons_inc]; KURTZ HORSESHOEING SUPPLY [kurtz_horseshoeing_supply]; LAKELAND FEED & SUPPLY [lakeland_feed_and_supply]; LAKEVIEW ANIMAL HOSPITAL [lakeview_animal_hospital]; LANDMARK MERCANTILE [landmark_mercantile]; LONE STAR TACK [lone_star_tack]; LONGHORN SADDLERY [longhorn_saddlery]; LONGRIDER SUPPLY CO. [longrider_supply_co]; M & J HORSESHOE SUPPLY [m_and_j_horseshoe_supply]; MARECHALERIE BROMONT [marechalerie_bromont]; MARSHALLTON BLACKSMITH [marshallton_blacksmith]; MARTIN'S FARRIER SUPPLIES [martins_farrier_supplies]; MASTER FARRIER SUPPLIES [master_farrier_supplies]; McKINNEYS WESTERN STORE [mckinneys_western_store]; MEADER SUPPLY, INC. [meader_supply_inc]; MID ATLANTIC FARRIER SUPPLY [mid_atlantic_farrier_supply]; MONETTA FARRIER SPECIALTIES [monetta_farrier_specialties]; MONIGHETTI'S ONE STOP LVESTOCK [monighettis_one_stop_lvestock]; MONTAGUE BLACKSMITH SUPPLY [montague_blacksmith_supply]; MONTANA FARRIER SUPPLY LLC [montana_farrier_supply_llc]; MS AGRI PRODUCTS [ms_agri_products]; MULTI PRODUCTS CO. [multi_products_co]; N. C. TOOL CO. [n_c_tool_co]; NATURE FARMS, [nature_farms]; NEVADA RANCH TACK & FEED [nevada_ranch_tack_and_feed]; NEW FARM FARRIER SUPPLY [new_farm_farrier_supply]; NORDIC FORGE [nordic_forge]; NORTHEAST FARRIER SUPPLY, INC. [northeast_farrier_supply_inc]; NORTHWEST HORSESHOE SUPPLY [northwest_horseshoe_supply]; OAKDALE FEED AND SEED [oakdale_feed_and_seed]; OLEO ACRES NORTH [oleo_acres_north]; OLYMPIA FARRIER SUPPLY [olympia_farrier_supply]; OVERLAND FARRIER SUPPLY [overland_farrier_supply]; PALM BEACH FARRIER SUPPLY [palm_beach_farrier_supply]; PAUL'S VET SUPPLY - ROSWELL [pauls_vet_supply_roswell]; PAUL'S VET SUPPLY-ALBUQUEQUE [pauls_vet_supply_albuquerque]; PIERCE FARRIER SUPPLY [pierce_farrier_supply]; PLANK'S HARNESS SHOP [planks_harness_shop]; PROFESSIONAL FARRIER SUPPLY [professional_farrier_supply]; R & S HARNESS SHOP [r_and_s_harness_shop]; R. T. DUGGAN COMPANY [r_t_duggan_company]; RABER BLACKSMITH & SUPPLY SHOP [raber_blacksmith_and_supply_shop]; RAFTER ELEVEN EQUINE SUPPLIES [rafter_eleven_equine_supplies]; RAFTER H WEST LLC [rafter_h_west_llc]; RAFTER V FARRIER SUPPLY [rafter_v_farrier_supply]; RANCH & TRAIL SUPPLY [ranch_and_trail_supply]; ROCK N THE ANVIL [rock_n_the_anvil]; ROCKING B FORGE WORKS, LLC [rocking_b_forge_works_llc]; ROSEDALE FARRIER SUPPLY, INC [rosedale_farrier_supply_inc]; SADDLEWOOD LLC [saddlewood_llc]; SCHWARTZ FARRIER SUPPLY [schwartz_farrier_supply]; SCOTTSDALE STOCKHOFF'S LLC - SCOTTSDALE [scottsdale_stockhoffs_llc_scottsdale]; SCRUGGS FARM, LAWN & GARDEN [scruggs_farm_lawn_and_garden]; SHERIDAN SEED CO., INC. [sheridan_seed_co_inc]; SILVER SHOE SUPPLY [silver_shoe_supply]; SMITH & EDWARDS CO. [smith_and_edwards_co]; SOUTH FLORIDA FARRIER SUPPLY [south_florida_farrier_supply]; SPANISH LAKE BLACKSMITH [spanish_lake_blacksmith]; STOCKHOFF'S HORSESHOES-NJ [stockhoffs_horseshoes_nj]; STOCKHOFF'S, LLC - LAGRANGE [stockhoffs_llc_lagrange]; STOCKMAN FEEDS [stockman_feeds]; STUTZMAN FARRIERS SUPPLY [stutzman_farriers_supply]; STUTZMAN'S BUGGY SHOP [stutzmans_buggy_shop]; SUE'S FARRIER SUPPLY [sues_farrier_supply]; SUNRISE FARRIER SUPPLY [sunrise_farrier_supply]; T & R FEED & ROPE CENTER [t_and_r_feed_and_rope_center]; T.T. DISTRIBUTORS, INC. [tt_distributors_inc]; TENNESSEE FARRIER SUPPLY [tennessee_farrier_supply]; TEXAS FARRIER SUPPLY [texas_farrier_supply]; THE HORSE BARN [the_horse_barn]; THE HORSESHOE BARN [the_horseshoe_barn]; THE SADDLE SHED [the_saddle_shed]; THE SHOEIN' SHOP [the_shoein_shop]; TONITA FARRIER SUPPLIES LTD [tonita_farrier_supplies_ltd]; TOTAL EQUINE SUPPLIES LTD [total_equine_supplies_ltd]; TRI-STATE VET & PET SUPPLY [tri_state_vet_and_pet_supply]; U.P.C.O. [upco]; VALLEY FARRIER SUPPLY [valley_farrier_supply]; VISBY PRODUCTS [visby_products]; WELL SHOD [well_shod]; WESTERN MERCANTILE - LAS CRUCES [western_mercantile_las_cruces]; WESTERN MERCANTILE - TIJERAS [western_mercantile_tijeras]; WESTERN RAWHIDE CO. [western_rawhide_co]; WESTERN SADDLERY INC. [western_saddlery_inc]; YODER BLACKSMITH SUPPLY [yoder_blacksmith_supply]",
Contact,0-1,Won/Lost Reason,farrier_won_lost_reason,enumeration,,False,False,equine_and_professional,Price [Price]; Quality [Quality]; Features [Features]; Brand [Brand]; No Response [No Response]; Other [Other],
Contact,0-1,Work email,work_email,string,,False,False,explicit_a2_candidate;identity_and_contact,,
Contact,0-1,Years of Experience,years_experience,number,,False,False,equine_and_professional;explicit_a2_candidate,,
Deal,0-3,Associated companies,associations.company,enumeration,,True,,external_ids_and_associations,,
Deal,0-3,Associated contacts,associations.contact,enumeration,,True,,external_ids_and_associations,,
Deal,0-3,Average Deal Owner Duration In Current Stage,hs_average_deal_owner_duration_in_current_stage,number,,True,False,ownership_and_routing,,
Deal,0-3,Brands,hs_all_assigned_business_unit_ids,enumeration,,False,False,explicit_a2_candidate;ownership_and_routing,EQUINET App [0]; Mustad USA [18640656],
Deal,0-3,Created by user ID,hs_created_by_user_id,number,,True,False,external_ids_and_associations,Mohammad reza Asadi [36771337]; Lucija Batarelo [77926659]; Sharon Colvin [35787418]; Julie Durushia [35787459]; Tahmineh Goljan [34737828]; Hannah Goshorn [35051820]; Mustad HubSpot [35006795]; Kris Kibbey [35051818]; Fred Lang [35223608]; Rob Logsdon [35051851]; Hayley Moore [77926690]; Sample Request Mustad USA [36398228]; Rachel Otten [33209911]; allison Phleger [35051819]; shahin qoli [95099317]; Tim Shannon [35051817]; Lindsay Stafford [92300650]; Cetrix Support [50462861]; Todd Walker [35051821]; Faezeh Yazdani [91453469]; DAVID YORK [35051822],
Deal,0-3,Date entered current stage,hs_v2_date_entered_current_stage,datetime,,True,False,activity_and_freshness,,
Deal,0-3,Deal Collaborator,hs_all_collaborator_owner_ids,enumeration,,False,False,ownership_and_routing,Rachel Otten [33209911]; Tahmineh Goljan [34737828]; Mustad HubSpot [35006795]; Tim Shannon [35051817]; Kris Kibbey [35051818]; allison Phleger [35051819]; Hannah Goshorn [35051820]; Todd Walker [35051821]; DAVID YORK [35051822]; Rob Logsdon [35051851]; Fred Lang [35223608]; Sharon Colvin [35787418]; Julie Durushia [35787459]; Sample Request Mustad USA [36398228]; Mohammad reza Asadi [36771337]; Cetrix Support [50462861]; Lucija Batarelo [77926659]; Hayley Moore [77926690]; Faezeh Yazdani [91453469]; Lindsay Stafford [92300650]; shahin qoli [95099317],
Deal,0-3,Deal Name,dealname,string,,False,False,identity_and_contact,,
Deal,0-3,Deal owner,hubspot_owner_id,enumeration,,False,False,explicit_a2_candidate;ownership_and_routing,Rachel Otten [33209911]; Tahmineh Goljan [34737828]; Mustad HubSpot [35006795]; Tim Shannon [35051817]; Kris Kibbey [35051818]; allison Phleger [35051819]; Hannah Goshorn [35051820]; Todd Walker [35051821]; DAVID YORK [35051822]; Rob Logsdon [35051851]; Fred Lang [35223608]; Sharon Colvin [35787418]; Julie Durushia [35787459]; Sample Request Mustad USA [36398228]; Mohammad reza Asadi [36771337]; Cetrix Support [50462861]; Lucija Batarelo [77926659]; Hayley Moore [77926690]; Faezeh Yazdani [91453469]; Lindsay Stafford [92300650]; shahin qoli [95099317],
Deal,0-3,Deal Score,hs_deal_score,number,,True,False,qualification_and_score,,
Deal,0-3,HubSpot Team,hubspot_team_id,enumeration,,True,False,explicit_a2_candidate;ownership_and_routing,EQUINET Team [157764626]; Mustad USA Sales Team [184279571],
Deal,0-3,Last Activity Date,notes_last_updated,datetime,,True,False,activity_and_freshness,,
Deal,0-3,Last Contacted,notes_last_contacted,datetime,,True,False,activity_and_freshness,,
Deal,0-3,Last email with follow-ups,hs_last_email_with_followups_object_coordinates,string,,True,False,identity_and_contact,,
Deal,0-3,Last Modified Date,hs_lastmodifieddate,datetime,,True,False,activity_and_freshness,,
Deal,0-3,Merged Deal IDs,hs_merged_object_ids,enumeration,,True,False,explicit_a2_candidate;external_ids_and_associations,,
Deal,0-3,Next Meeting Name,hs_next_meeting_name,string,,True,False,identity_and_contact,,
Deal,0-3,Number of Associated Contacts,num_associated_contacts,number,,True,False,explicit_a2_candidate;external_ids_and_associations,,
Deal,0-3,Number of Associated Line Items,hs_num_of_associated_line_items,number,,True,False,external_ids_and_associations,,
Deal,0-3,Owner assigned date,hubspot_owner_assigneddate,datetime,,True,False,ownership_and_routing,,
Deal,0-3,Priority,hs_priority,enumeration,,False,False,qualification_and_score,Low [low]; Medium [medium]; High [high],
Deal,0-3,Promo Participation,farrier_promo_participation,string,,False,False,equine_and_professional,,
Deal,0-3,Promo Participation Cost to Mustad,farrier_promo_participation_cost,string,,False,False,equine_and_professional,,
Deal,0-3,Record ID,hs_object_id,number,,True,False,explicit_a2_candidate;external_ids_and_associations,,
Deal,0-3,Samples Sent (Count),farrier_samples_sent,number,,False,False,equine_and_professional,,
Deal,0-3,Shared teams,hs_shared_team_ids,enumeration,,False,False,ownership_and_routing,EQUINET Team [157764626]; Mustad USA Sales Team [184279571],
Deal,0-3,Shared users,hs_shared_user_ids,enumeration,,False,False,ownership_and_routing,Mohammad reza Asadi [36771337]; Lucija Batarelo [77926659]; Sharon Colvin [35787418]; Julie Durushia [35787459]; Tahmineh Goljan [34737828]; Hannah Goshorn [35051820]; Mustad HubSpot [35006795]; Kris Kibbey [35051818]; Fred Lang [35223608]; Rob Logsdon [35051851]; Hayley Moore [77926690]; Sample Request Mustad USA [36398228]; Rachel Otten [33209911]; allison Phleger [35051819]; shahin qoli [95099317]; Tim Shannon [35051817]; Lindsay Stafford [92300650]; Cetrix Support [50462861]; Todd Walker [35051821]; Faezeh Yazdani [91453469]; DAVID YORK [35051822],
Deal,0-3,Updated by user ID,hs_updated_by_user_id,number,,True,False,external_ids_and_associations,Mohammad reza Asadi [36771337]; Lucija Batarelo [77926659]; Sharon Colvin [35787418]; Julie Durushia [35787459]; Tahmineh Goljan [34737828]; Hannah Goshorn [35051820]; Mustad HubSpot [35006795]; Kris Kibbey [35051818]; Fred Lang [35223608]; Rob Logsdon [35051851]; Hayley Moore [77926690]; Sample Request Mustad USA [36398228]; Rachel Otten [33209911]; allison Phleger [35051819]; shahin qoli [95099317]; Tim Shannon [35051817]; Lindsay Stafford [92300650]; Cetrix Support [50462861]; Todd Walker [35051821]; Faezeh Yazdani [91453469]; DAVID YORK [35051822],
Deal,0-3,Won / Lost Reason,farrier_won_lost_reason,enumeration,,False,False,equine_and_professional,Price [Price]; Quality [Quality]; Feature [Feature]; Brand [Brand]; No Response [No Response]; Other [Other],
Sample Requests,2-204687032,Brands,hs_all_assigned_business_unit_ids,enumeration,,False,False,explicit_a2_candidate;ownership_and_routing,EQUINET App [0]; Mustad USA [18640656],
Sample Requests,2-204687032,Created by user ID,hs_created_by_user_id,number,,True,False,external_ids_and_associations,Mohammad reza Asadi [36771337]; Lucija Batarelo [77926659]; Sharon Colvin [35787418]; Julie Durushia [35787459]; Tahmineh Goljan [34737828]; Hannah Goshorn [35051820]; Mustad HubSpot [35006795]; Kris Kibbey [35051818]; Fred Lang [35223608]; Rob Logsdon [35051851]; Hayley Moore [77926690]; Sample Request Mustad USA [36398228]; Rachel Otten [33209911]; allison Phleger [35051819]; shahin qoli [95099317]; Tim Shannon [35051817]; Lindsay Stafford [92300650]; Cetrix Support [50462861]; Todd Walker [35051821]; Faezeh Yazdani [91453469]; DAVID YORK [35051822],
Sample Requests,2-204687032,Date entered current stage,hs_v2_date_entered_current_stage,datetime,,True,False,activity_and_freshness,,
Sample Requests,2-204687032,Merged record IDs,hs_merged_object_ids,enumeration,,True,False,explicit_a2_candidate;external_ids_and_associations,,
Sample Requests,2-204687032,Object last modified date/time,hs_lastmodifieddate,datetime,,True,False,activity_and_freshness,,
Sample Requests,2-204687032,Owner,hubspot_owner_id,enumeration,,False,False,explicit_a2_candidate;ownership_and_routing,Rachel Otten [33209911]; Tahmineh Goljan [34737828]; Mustad HubSpot [35006795]; Tim Shannon [35051817]; Kris Kibbey [35051818]; allison Phleger [35051819]; Hannah Goshorn [35051820]; Todd Walker [35051821]; DAVID YORK [35051822]; Rob Logsdon [35051851]; Fred Lang [35223608]; Sharon Colvin [35787418]; Julie Durushia [35787459]; Sample Request Mustad USA [36398228]; Mohammad reza Asadi [36771337]; Cetrix Support [50462861]; Lucija Batarelo [77926659]; Hayley Moore [77926690]; Faezeh Yazdani [91453469]; Lindsay Stafford [92300650]; shahin qoli [95099317],
Sample Requests,2-204687032,Owner assigned date,hubspot_owner_assigneddate,datetime,,True,False,ownership_and_routing,,
Sample Requests,2-204687032,Owner's main team,hubspot_team_id,enumeration,,True,False,explicit_a2_candidate;ownership_and_routing,EQUINET Team [157764626]; Mustad USA Sales Team [184279571],
Sample Requests,2-204687032,Product Name,product_name,string,,False,False,identity_and_contact,,
Sample Requests,2-204687032,Record ID,hs_object_id,number,,True,False,explicit_a2_candidate;external_ids_and_associations,,
Sample Requests,2-204687032,Shared teams,hs_shared_team_ids,enumeration,,False,False,ownership_and_routing,EQUINET Team [157764626]; Mustad USA Sales Team [184279571],
Sample Requests,2-204687032,Shared users,hs_shared_user_ids,enumeration,,False,False,ownership_and_routing,Mohammad reza Asadi [36771337]; Lucija Batarelo [77926659]; Sharon Colvin [35787418]; Julie Durushia [35787459]; Tahmineh Goljan [34737828]; Hannah Goshorn [35051820]; Mustad HubSpot [35006795]; Kris Kibbey [35051818]; Fred Lang [35223608]; Rob Logsdon [35051851]; Hayley Moore [77926690]; Sample Request Mustad USA [36398228]; Rachel Otten [33209911]; allison Phleger [35051819]; shahin qoli [95099317]; Tim Shannon [35051817]; Lindsay Stafford [92300650]; Cetrix Support [50462861]; Todd Walker [35051821]; Faezeh Yazdani [91453469]; DAVID YORK [35051822],
Sample Requests,2-204687032,Updated by user ID,hs_updated_by_user_id,number,,True,False,external_ids_and_associations,Mohammad reza Asadi [36771337]; Lucija Batarelo [77926659]; Sharon Colvin [35787418]; Julie Durushia [35787459]; Tahmineh Goljan [34737828]; Hannah Goshorn [35051820]; Mustad HubSpot [35006795]; Kris Kibbey [35051818]; Fred Lang [35223608]; Rob Logsdon [35051851]; Hayley Moore [77926690]; Sample Request Mustad USA [36398228]; Rachel Otten [33209911]; allison Phleger [35051819]; shahin qoli [95099317]; Tim Shannon [35051817]; Lindsay Stafford [92300650]; Cetrix Support [50462861]; Todd Walker [35051821]; Faezeh Yazdani [91453469]; DAVID YORK [35051822],
Ticket,0-5,All associated contact emails,hs_all_associated_contact_emails,string,,True,False,external_ids_and_associations;identity_and_contact,,
Ticket,0-5,Brands,hs_all_assigned_business_unit_ids,enumeration,,False,False,explicit_a2_candidate;ownership_and_routing,EQUINET App [0]; Mustad USA [18640656],
Ticket,0-5,Created by user ID,hs_created_by_user_id,number,,True,False,external_ids_and_associations,Mohammad reza Asadi [36771337]; Lucija Batarelo [77926659]; Sharon Colvin [35787418]; Julie Durushia [35787459]; Tahmineh Goljan [34737828]; Hannah Goshorn [35051820]; Mustad HubSpot [35006795]; Kris Kibbey [35051818]; Fred Lang [35223608]; Rob Logsdon [35051851]; Hayley Moore [77926690]; Sample Request Mustad USA [36398228]; Rachel Otten [33209911]; allison Phleger [35051819]; shahin qoli [95099317]; Tim Shannon [35051817]; Lindsay Stafford [92300650]; Cetrix Support [50462861]; Todd Walker [35051821]; Faezeh Yazdani [91453469]; DAVID YORK [35051822],
Ticket,0-5,First agent email response date,first_agent_reply_date,datetime,,True,False,identity_and_contact,,
Ticket,0-5,HubSpot team,hubspot_team_id,enumeration,,True,False,explicit_a2_candidate;ownership_and_routing,EQUINET Team [157764626]; Mustad USA Sales Team [184279571],
Ticket,0-5,Last activity date,hs_lastactivitydate,datetime,,True,False,activity_and_freshness,,
Ticket,0-5,Last contacted date,hs_lastcontacted,datetime,,True,False,activity_and_freshness,,
Ticket,0-5,Last modified date,hs_lastmodifieddate,datetime,,True,False,activity_and_freshness,,
Ticket,0-5,Merged Ticket IDs,hs_merged_object_ids,enumeration,,True,False,explicit_a2_candidate;external_ids_and_associations,,
Ticket,0-5,Number of Associated Companies,hs_num_associated_companies,number,,True,False,external_ids_and_associations,,
Ticket,0-5,Owner assigned date,hubspot_owner_assigneddate,datetime,,True,False,ownership_and_routing,,
Ticket,0-5,Priority,hs_ticket_priority,enumeration,,False,False,qualification_and_score,Low [LOW]; Medium [MEDIUM]; High [HIGH]; Urgent [URGENT],
Ticket,0-5,Record ID,hs_object_id,number,,True,False,explicit_a2_candidate;external_ids_and_associations,,
Ticket,0-5,Shared teams,hs_shared_team_ids,enumeration,,False,False,ownership_and_routing,EQUINET Team [157764626]; Mustad USA Sales Team [184279571],
Ticket,0-5,Shared users,hs_shared_user_ids,enumeration,,False,False,ownership_and_routing,Mohammad reza Asadi [36771337]; Lucija Batarelo [77926659]; Sharon Colvin [35787418]; Julie Durushia [35787459]; Tahmineh Goljan [34737828]; Hannah Goshorn [35051820]; Mustad HubSpot [35006795]; Kris Kibbey [35051818]; Fred Lang [35223608]; Rob Logsdon [35051851]; Hayley Moore [77926690]; Sample Request Mustad USA [36398228]; Rachel Otten [33209911]; allison Phleger [35051819]; shahin qoli [95099317]; Tim Shannon [35051817]; Lindsay Stafford [92300650]; Cetrix Support [50462861]; Todd Walker [35051821]; Faezeh Yazdani [91453469]; DAVID YORK [35051822],
Ticket,0-5,Ticket name,subject,string,,False,False,identity_and_contact,,
Ticket,0-5,Ticket owner,hubspot_owner_id,enumeration,,False,False,explicit_a2_candidate;ownership_and_routing,Rachel Otten [33209911]; Tahmineh Goljan [34737828]; Mustad HubSpot [35006795]; Tim Shannon [35051817]; Kris Kibbey [35051818]; allison Phleger [35051819]; Hannah Goshorn [35051820]; Todd Walker [35051821]; DAVID YORK [35051822]; Rob Logsdon [35051851]; Fred Lang [35223608]; Sharon Colvin [35787418]; Julie Durushia [35787459]; Sample Request Mustad USA [36398228]; Mohammad reza Asadi [36771337]; Cetrix Support [50462861]; Lucija Batarelo [77926659]; Hayley Moore [77926690]; Faezeh Yazdani [91453469]; Lindsay Stafford [92300650]; shahin qoli [95099317],
Ticket,0-5,Time to first agent email reply,time_to_first_agent_reply,number,,True,False,identity_and_contact,,
Ticket,0-5,Updated by user ID,hs_updated_by_user_id,number,,True,False,external_ids_and_associations,Mohammad reza Asadi [36771337]; Lucija Batarelo [77926659]; Sharon Colvin [35787418]; Julie Durushia [35787459]; Tahmineh Goljan [34737828]; Hannah Goshorn [35051820]; Mustad HubSpot [35006795]; Kris Kibbey [35051818]; Fred Lang [35223608]; Rob Logsdon [35051851]; Hayley Moore [77926690]; Sample Request Mustad USA [36398228]; Rachel Otten [33209911]; allison Phleger [35051819]; shahin qoli [95099317]; Tim Shannon [35051817]; Lindsay Stafford [92300650]; Cetrix Support [50462861]; Todd Walker [35051821]; Faezeh Yazdani [91453469]; DAVID YORK [35051822],
