field_key,label,scope,value_type,allowed_segments,farrier_priority,horse_owner_priority,collection_policy,data_category,inference_policy,paid_lookup_allowed,enum_values,a1_requalification_criterion_ids,approval_rule,unknown_behaviour,mapping_candidates,description
person.full_name,Full name,person,string,"[""farrier"",""horse_owner""]",required,conditional_required,permitted_for_proposal,professional_business_data,not_permitted,true,null,[],human_review_required_during_pilot,preserve_unknown_and_record_gap_when_required,"[{""system"":""hubspot"",""object"":""contact"",""property"":""firstname"",""status"":""mapping_candidate_only""},{""system"":""hubspot"",""object"":""contact"",""property"":""lastname"",""status"":""mapping_candidate_only""}]",Published or authorised name of a named professional contact.
person.role_title,Current role title,person,string,"[""farrier"",""horse_owner""]",required,required,permitted_for_proposal,professional_business_data,not_permitted,true,null,"[""farrier.buying_influence"",""horse_owner.purchasing_influence""]",human_review_required_during_pilot,preserve_unknown_and_record_gap_when_required,"[{""system"":""hubspot"",""object"":""contact"",""property"":""jobtitle"",""status"":""mapping_candidate_only""}]",Current source wording for the person's professional role.
person.business_email,Professional email,person,string,"[""farrier"",""horse_owner""]",conditional_required,conditional_required,permitted_for_proposal,professional_business_data,not_permitted,true,null,[],human_review_required_during_pilot,preserve_unknown_and_record_gap_when_required,"[{""system"":""hubspot"",""object"":""contact"",""property"":""work_email"",""status"":""mapping_candidate_only""},{""system"":""hubspot"",""object"":""contact"",""property"":""email"",""status"":""mapping_candidate_only""}]",Explicitly published or authorised professional-use email; never a guessed pattern.
person.personal_email_candidate,Personal email candidate,person,string,"[""farrier"",""horse_owner""]",optional,optional,retain_if_incidentally_returned_by_approved_contact_enrichment,personal_contact_data,not_permitted,false,null,[],human_privacy_review_required_no_consent_outreach_or_automatic_crm_write,preserve_unknown_and_record_gap_when_required,[],"Personal email not requested by default; if returned incidentally by approved FullEnrich contact enrichment, retain it as a separate personal-email candidate with provider provenance and verification status."
person.business_phone,Professional phone,person,string,"[""farrier"",""horse_owner""]",conditional_required,conditional_required,permitted_for_proposal,professional_business_data,not_permitted,false,null,[],human_review_required_during_pilot,preserve_unknown_and_record_gap_when_required,"[{""system"":""hubspot"",""object"":""contact"",""property"":""phone"",""status"":""mapping_candidate_only""}]",Explicitly published or authorised professional business phone.
person.mobile_phone,Mobile or direct dial,person,string,"[""farrier"",""horse_owner""]",optional,optional,permitted_for_proposal_from_selected_contact_enrichment,personal_contact_data,not_permitted,true,null,[],human_review_required_during_pilot_no_outreach_authority,preserve_unknown_and_record_gap_when_required,"[{""system"":""hubspot"",""object"":""contact"",""property"":""mobilephone"",""status"":""mapping_candidate_only""}]","Mobile number returned by approved FullEnrich contact enrichment for a selected contact; actively sought, stored separately from business phone and not required by itself for review readiness."
person.secondary_email,Secondary email,person,string,"[""farrier"",""horse_owner""]",optional,optional,permitted_for_proposal,professional_business_data,not_permitted,false,null,[],human_review_required_during_pilot,preserve_unknown_and_record_gap_when_required,"[{""system"":""hubspot"",""object"":""contact"",""property"":""secondary_email"",""status"":""mapping_candidate_only""}]",Secondary professional-use email retained only when encountered without paid lookup.
person.professional_status,Farrier professional status,person,enum,"[""farrier""]",required,not_applicable,permitted_for_proposal,professional_business_data,not_permitted,false,"[""full_time"",""part_time"",""student_apprentice""]","[""farrier.professional_activity"",""farrier.apprentice_future_potential"",""farrier.inactive_or_hobbyist""]",human_review_required_during_pilot,preserve_unknown_and_record_gap_when_required,"[{""system"":""hubspot"",""object"":""contact"",""property"":""farrier_active_flag"",""status"":""mapping_candidate_only""}]",Current Farrier working status using the provisional Unitalk taxonomy.
person.professional_credential,Primary professional credential,person,string,"[""farrier""]",optional,not_applicable,permitted_for_proposal,professional_business_data,not_permitted,false,null,[],human_review_required_during_pilot,preserve_unknown_and_record_gap_when_required,"[{""system"":""hubspot"",""object"":""contact"",""property"":""farrier_certifications"",""status"":""mapping_candidate_only""}]",One primary current professional credential retained for compatibility with the canonical fixture contract.
person.certifications,Professional certifications,person,string_array,"[""farrier""]",optional,not_applicable,permitted_for_proposal,professional_business_data,not_permitted,false,null,[],human_review_required_during_pilot,preserve_unknown_and_record_gap_when_required,"[{""system"":""hubspot"",""object"":""contact"",""property"":""farrier_certifications"",""status"":""mapping_candidate_only""}]",Current explicitly verified Farrier certifications or memberships.
person.years_experience,Years of experience,person,integer,"[""farrier""]",optional,not_applicable,permitted_for_proposal,professional_business_data,not_permitted,false,null,[],human_review_required_during_pilot,preserve_unknown_and_record_gap_when_required,"[{""system"":""hubspot"",""object"":""contact"",""property"":""years_experience"",""status"":""mapping_candidate_only""}]",Explicitly stated professional years of experience; never derived from age or graduation year without an approved rule.
person.public_profile_urls,Public professional profile URLs,person,string_array,"[""farrier"",""horse_owner""]",optional,optional,permitted_for_proposal,professional_business_data,not_permitted,true,null,[],human_review_required_during_pilot,preserve_unknown_and_record_gap_when_required,[],"Role-relevant public professional profile URLs explicitly linked from the official website, recorded by an authorised human, or returned through a separately approved official API. The link may be retained without opening or extracting the social profile."
person.recent_professional_activity,Recent professional activity,person,structured,"[""farrier"",""horse_owner""]",optional,optional,permitted_for_proposal,professional_business_data,not_permitted,false,null,[],human_review_required_during_pilot,preserve_unknown_and_record_gap_when_required,[],Dated public professional activity kept separate from private interests and CRM engagement.
person.social_signals,Broad social signals,person,structured,"[""farrier"",""horse_owner""]",do_not_collect,do_not_collect,disabled_pending_source_and_purpose_approval,social_platform_data,not_permitted,false,null,[],human_review_required_during_pilot,preserve_unknown_and_record_gap_when_required,[],"Broad social metrics or inferred interests. Disabled until a permitted signal, purpose and access route are approved."
organisation.business_name,Organisation or business name,organisation,string,"[""farrier"",""horse_owner""]",required,required,permitted_for_proposal,professional_business_data,not_permitted,true,null,[],human_review_required_during_pilot,preserve_unknown_and_record_gap_when_required,"[{""system"":""hubspot"",""object"":""company"",""property"":""name"",""status"":""mapping_candidate_only""},{""system"":""hubspot"",""object"":""company"",""property"":""trade_name"",""status"":""mapping_candidate_only""}]",Verified public or authorised trading/business name.
organisation.website,Official website,organisation,string,"[""farrier"",""horse_owner""]",optional,optional,permitted_for_proposal,professional_business_data,not_permitted,false,null,[],human_review_required_during_pilot,preserve_unknown_and_record_gap_when_required,"[{""system"":""hubspot"",""object"":""company"",""property"":""website"",""status"":""mapping_candidate_only""}]",Verified official business website URL.
organisation.website_domain,Official website domain,organisation,string,"[""farrier"",""horse_owner""]",optional,optional,permitted_for_proposal,professional_business_data,not_permitted,false,null,[],human_review_required_during_pilot,preserve_unknown_and_record_gap_when_required,"[{""system"":""hubspot"",""object"":""company"",""property"":""domain"",""status"":""mapping_candidate_only""}]","Normalised official domain used as one identity signal, never as a unique match by itself."
organisation.public_profile_urls,Organisation public professional profile URLs,organisation,string_array,"[""farrier"",""horse_owner""]",optional,optional,permitted_for_proposal,professional_business_data,not_permitted,false,null,[],human_review_required_during_pilot,preserve_unknown_and_record_gap_when_required,[],"Public business social-profile URLs explicitly linked from the organisation's official website, recorded by an authorised human, or returned through a separately approved official API. The link may be retained without opening or extracting the social profile."
organisation.business_phone,Organisation general phone,organisation,string,"[""farrier"",""horse_owner""]",conditional_required,conditional_required,permitted_for_proposal,professional_business_data,not_permitted,false,null,[],human_review_required_during_pilot,preserve_unknown_and_record_gap_when_required,"[{""system"":""hubspot"",""object"":""company"",""property"":""phone"",""status"":""mapping_candidate_only""}]",General published business phone used as a fallback when no named target-role channel is available.
organisation.business_email,Organisation general email,organisation,string,"[""farrier"",""horse_owner""]",conditional_required,conditional_required,permitted_for_proposal,professional_business_data,not_permitted,false,null,[],human_review_required_during_pilot,preserve_unknown_and_record_gap_when_required,"[{""system"":""hubspot"",""object"":""company"",""property"":""company_email"",""status"":""mapping_candidate_only""}]",General published business email used as a fallback when no named target-role channel is available.
organisation.public_business_location,Public business location,organisation,structured,"[""farrier"",""horse_owner""]",required,required,permitted_for_proposal,professional_business_data,not_permitted,true,null,[],human_review_required_during_pilot,preserve_unknown_and_record_gap_when_required,"[{""system"":""hubspot"",""object"":""company"",""property"":""address"",""status"":""mapping_candidate_only""},{""system"":""hubspot"",""object"":""company"",""property"":""city"",""status"":""mapping_candidate_only""},{""system"":""hubspot"",""object"":""company"",""property"":""state"",""status"":""mapping_candidate_only""},{""system"":""hubspot"",""object"":""company"",""property"":""zip"",""status"":""mapping_candidate_only""},{""system"":""hubspot"",""object"":""company"",""property"":""country"",""status"":""mapping_candidate_only""}]",Structured public business location. Attempt the complete address when available; state and country are the minimum verified components.
organisation.service_area,Farrier service area,organisation,string_array,"[""farrier""]",required,not_applicable,permitted_for_proposal,professional_business_data,not_permitted,false,null,"[""farrier.high_value_service_area""]",human_review_required_during_pilot,preserve_unknown_and_record_gap_when_required,[],Explicit service regions stored as structured region labels plus preserved source wording.
organisation.disciplines,Equine disciplines,organisation,string_array,"[""farrier"",""horse_owner""]",required,optional,permitted_for_proposal,professional_business_data,not_permitted,false,null,"[""farrier.sport_horse_focus"",""horse_owner.performance_discipline""]",human_review_required_during_pilot,preserve_unknown_and_record_gap_when_required,"[{""system"":""hubspot"",""object"":""contact"",""property"":""disciplines_worked_with"",""status"":""mapping_candidate_only""},{""system"":""hubspot"",""object"":""contact"",""property"":""owner_primary_discipline"",""status"":""mapping_candidate_only""}]",Explicit professional or organisation disciplines; multiple values permitted.
organisation.horse_count,Verified exact horse count,organisation,integer,"[""horse_owner""]",not_applicable,required,permitted_for_proposal,professional_business_data,explicit_value_only_with_hubspot_precedence_for_existing_record,false,null,"[""horse_owner.more_than_three_horses""]",human_review_required_during_pilot,preserve_unknown_and_record_gap_when_required,"[{""system"":""hubspot"",""object"":""contact"",""property"":""owner_horse_count"",""status"":""mapping_candidate_only""}]",Verified exact count. Existing matched HubSpot Contact.owner_horse_count is authoritative; net-new prospects may use explicit approved evidence. Never inferred.
organisation.horse_count_band,A2 horse-count review band,organisation,enum,"[""horse_owner""]",not_applicable,do_not_collect,disabled_deprecated_historical_only,professional_business_data,deterministic_derivation_from_verified_exact_count_only,false,"[""1"",""2_4"",""5_10"",""11_25"",""26_50"",""51_plus""]","[""horse_owner.more_than_three_horses""]",human_review_required_during_pilot,preserve_unknown_and_record_gap_when_required,[],Deprecated historical A2 field. Do not create new values; horse_count_range is ignored.
organisation.stable_type,Stable or farm type,organisation,enum,"[""horse_owner""]",not_applicable,required,permitted_for_proposal,professional_business_data,not_permitted,false,"[""private_farm"",""boarding"",""training"",""breeding"",""backyard"",""other""]",[],human_review_required_during_pilot,preserve_unknown_and_record_gap_when_required,"[{""system"":""hubspot"",""object"":""contact"",""property"":""stable_type"",""status"":""mapping_candidate_only""}]",Normalised organisation type using the provisional Unitalk taxonomy.
organisation.breeds,Horse breeds,organisation,string_array,"[""horse_owner""]",not_applicable,required,permitted_for_proposal,professional_business_data,not_permitted,false,null,[],human_review_required_during_pilot,preserve_unknown_and_record_gap_when_required,"[{""system"":""hubspot"",""object"":""contact"",""property"":""owner_breeds"",""status"":""mapping_candidate_only""}]",At least one explicitly verified breed value is required for Horse Owner enrichment completeness. Preserve verified Mixed or Other values as stated.
organisation.horses_served_per_month,Horses served per month,organisation,integer,"[""farrier""]",do_not_collect,not_applicable,disabled_pending_equinet_use_case_and_source,professional_business_data,not_permitted,false,null,[],human_review_required_during_pilot,preserve_unknown_and_record_gap_when_required,"[{""system"":""hubspot"",""object"":""contact"",""property"":""farrier_horses_served"",""status"":""mapping_candidate_only""}]",Aggregate Farrier business volume. Disabled until Equinet confirms a use case and permitted source.
organisation.client_base_summary,Aggregate client-base summary,organisation,structured,"[""farrier""]",do_not_collect,not_applicable,disabled_pending_equinet_use_case_and_source,professional_business_data,not_permitted,false,null,[],human_review_required_during_pilot,preserve_unknown_and_record_gap_when_required,[],Aggregate business client types or size only; named client identities are prohibited.
relationship.role,Person-to-organisation role,relationship,string,"[""farrier"",""horse_owner""]",optional,optional,permitted_for_proposal,professional_business_data,not_permitted,false,null,[],human_review_required_during_pilot,preserve_unknown_and_record_gap_when_required,[],Verified relationship role between a retained person and organisation.
relationship.target_role_priority,Target-role priority,relationship,enum,"[""farrier"",""horse_owner""]",conditional_required,conditional_required,permitted_for_proposal,professional_business_data,deterministic_mapping_from_verified_current_role,false,"[""primary"",""secondary"",""review_only"",""excluded"",""target_role_not_found""]",[],human_review_required_during_pilot,preserve_unknown_and_record_gap_when_required,[],Normalised Unitalk role priority derived from the approved targeting table.
relationship.buying_role_recommendation,Buying-role recommendation,relationship,enum,"[""farrier"",""horse_owner""]",optional,optional,permitted_for_proposal,professional_business_data,bounded_recommendation_from_verified_role,false,"[""decision_maker"",""influencer"",""user"",""unknown""]",[],human_review_required_during_pilot,preserve_unknown_and_record_gap_when_required,"[{""system"":""hubspot"",""object"":""contact"",""property"":""hs_buying_role"",""status"":""mapping_candidate_only""}]",Non-binding recommendation derived from a verified role; human approval is required before CRM mapping.
network.mutual_connections,Mutual connections,network,structured,"[""farrier"",""horse_owner""]",do_not_collect,do_not_collect,disabled_pending_official_integration_and_storage_approval,network_relationship_data,not_permitted,false,null,[],human_review_required_during_pilot,preserve_unknown_and_record_gap_when_required,[],"Mutual-connection information. Disabled until an authorised official source, account, purpose and storage rule are approved."
